Workbook
Name _Hlk165973344: КСС_ОП1!$A$7

Sheet КСС_ОП1
G1: Приложение 2.1
A2: ВЪЗЛОЖИТЕЛ: ОБЩИНА ШАБЛА
A3: ОБЕКТ: „Реконструкция и рехабилитация на водоснабдителни системи и съоръжения в община Шабла по 3 (три) обособени позиции: Обособена позиция №1: „Реконструкция и рехабилитация на водоснабдителни системи и съоръжения в с. Горун, община Шабла“
A6: КОЛИЧЕСТВЕНО - СТОЙНОСТНА СМЕТКА (КСС)
A7: № по ред | C7: Наименование на работите | D7: Ед. мярка | E7: Колич. | F7: Ед. цена | G7: Стойност
A8: Водопроводен клон 3 - по ул. "3-та"от ОТ17 до ОТ39 и до края на улицата след ОТ36 - L=418 m'
A9: I. | C9: Строителна част
A10: 1 | C10: Направа на изкоп по детайл на транспорт за основен водопровод(0,80x1,70m') и СВО(0,50x1,20m')
B11: Анализ 1 | C11: - машинен в земни почви 100 % | D11: m3 | E11: 605 | F11: ='Ед. Цени'!E11 -> 5.57 | G11: =ROUND(E11*F11,2) -> 3369.85
A12: 2 | B12: Анализ 2 | C12: Извозване на излишни земни маси от масов изкоп за водопровод и СВО за оползотворяване или депониране (до 5 км) | D12: m3 | E12: 181 | F12: ='Ед. Цени'!E12 -> 2.79 | G12: =ROUND(E12*F12,2) -> 504.99
A13: 3 | B13: Анализ 3 | C13: Неплътно укрепване и разкрепване за основен водопровод - 1,8 m2/m' | D13: m2 | E13: 752 | F13: ='Ед. Цени'!E13 -> 1.38 | G13: =ROUND(E13*F13,2) -> 1037.76
A14: 4 | B14: Анализ 4 | C14: Направа на подложка, странична засипка и пласт насип над тръби (20см) за основен водопровод и СВО в макадамови и непланирани улици и тротоари от дребнозърнест скален материал (трошен пясък) фракция 0-4 мм, вкл. доставка от 100 km, складиране и уплътняване | D14: m3 | E14: 140 | F14: ='Ед. Цени'!E14 -> 36.6 | G14: =ROUND(E14*F14,2) -> 5124
A15: 5 | B15: Анализ 5 | C15: Обратна засипка на основна траншея и СВО със земна маса (0-30 mm) и уплътняване с вибро трамбовка през 30см | D15: m3 | E15: 424 | F15: ='Ед. Цени'!E15 -> 8.88 | G15: =ROUND(E15*F15,2) -> 3765.12
A16: 6 | B16: Анализ 6 | C16: Водочерпене по време на строителството | D16: мсм | E16: 8 | F16: ='Ед. Цени'!E16 -> 17.33 | G16: =ROUND(E16*F16,2) -> 138.64
A17: 7 | B17: Анализ 7 | C17: Доставка и полагане на пътна основа в макадамови улици от трошен камък с непрекъсната зърнометрия, вкл.превоз и уплътняване (фракция 0-63) Е=250 Mpa (до 80km) | D17: m3 | E17: 41 | F17: ='Ед. Цени'!E17 -> 33.08 | G17: =ROUND(E17*F17,2) -> 1356.28
A18: II. | C18: Монтажна част
A19: 1 | B19: Анализ 8 | C19: Доставка, полагане и монтаж на тръби ∅90 PE100 PN10 | D19: m' | E19: 299 | F19: ='Ед. Цени'!E18 -> 18.44 | G19: =ROUND(E19*F19,2) -> 5513.56
A20: 2 | B20: Анализ 9 | C20: Доставка, полагане и монтаж на тръби ∅63 PE100 PN10 | D20: m' | E20: 119 | F20: ='Ед. Цени'!E19 -> 7.05 | G20: =ROUND(E20*F20,2) -> 838.95
A21: 3 | B21: Анализ 10 | C21: Доставка и монтаж на предфланшова връзка ∅90 PE100 PN10 | D21: бр. | E21: 2 | F21: ='Ед. Цени'!E20 -> 36.21 | G21: =ROUND(E21*F21,2) -> 72.42
A22: 4 | B22: Анализ 11 | C22: Доставка и монтаж на предфланшова връзка ∅63 PE100 PN10 | D22: бр. | E22: 1 | F22: ='Ед. Цени'!E21 -> 26.26 | G22: =ROUND(E22*F22,2) -> 26.26
A23: 5 | B23: Анализ 12 | C23: Доставка и монтаж на тройник ∅90-90-90 PE100 PN10 | D23: бр. | E23: 3 | F23: ='Ед. Цени'!E22 -> 48.31 | G23: =ROUND(E23*F23,2) -> 144.93
A24: 6 | B24: Анализ 13 | C24: Доставка и монтаж на тройник намалител ∅90-63-90 PE100 PN10 | D24: бр. | E24: 2 | F24: ='Ед. Цени'!E23 -> 50.73 | G24: =ROUND(E24*F24,2) -> 101.46
A25: 7 | B25: Анализ 14 | C25: Доставка и монтаж на намалител ∅90-63 PE100 PN10 | D25: бр. | E25: 1 | F25: ='Ед. Цени'!E24 -> 26.86 | G25: =ROUND(E25*F25,2) -> 26.86
A26: 8 | B26: Анализ 15 | C26: Доставка и монтаж на коляно 90гр. ∅90 РЕ100 PN10 | D26: бр. | E26: 1 | F26: ='Ед. Цени'!E25 -> 32.58 | G26: =ROUND(E26*F26,2) -> 32.58
A27: 9 | B27: Анализ 16 | C27: Доставка и монтаж на коляно 90гр. ∅63 РЕ100 PN10 | D27: бр. | E27: 1 | F27: ='Ед. Цени'!E26 -> 27.47 | G27: =ROUND(E27*F27,2) -> 27.47
A28: 10 | B28: Анализ 17 | C28: Доставка и монтаж на тапа ∅63РЕ100 PN10 | D28: бр. | E28: 1 | F28: ='Ед. Цени'!E27 -> 23.84 | G28: =ROUND(E28*F28,2) -> 23.84
A29: 11 | B29: Анализ 18 | C29: Доставка и монтаж на СК DN50 шибърен ,чугун, с гумиран клин, с охранителна гарнитура | D29: бр. | E29: 1 | F29: ='Ед. Цени'!E28 -> 138.6 | G29: =ROUND(E29*F29,2) -> 138.6
A30: 12 | B30: Анализ 19 | C30: Доставка и монтаж на СК DN80 шибърен ,чугун, с гумиран клин, с охранителна гарнитура | D30: бр. | E30: 2 | F30: ='Ед. Цени'!E29 -> 150.7 | G30: =ROUND(E30*F30,2) -> 301.4
... A38: 20 | B38: Анализ 27 | C38: Доставка и монтаж на преход с електрозаваряема муфа PE-метал ∅63-2" с външна резба | D38: бр. | E38: 2 | F38: ='Ед. Цени'!E37 -> 32.45 | G38: =ROUND(E38*F38,2) -> 64.9
A39: 21 | C39: СВО ∅63-3/4" | D39: бр. | E39: 4
A40: - | B40: Анализ 28 | C40: Доставка и монтаж на тръби ∅25 PE100 PN10 за сградни водопроводни отклонения- 1 брой СВО | D40: m' | E40: =E39*6 -> 24 | F40: ='Ед. Цени'!E38 -> 5.29 | G40: =ROUND(E40*F40,2) -> 126.96
A41: - | B41: Анализ 29 | C41: Доставка и монтаж на водовземна скоба за РЕ електрозаваряема ∅63-3/4" | D41: бр. | E41: =E39*1 -> 4 | F41: ='Ед. Цени'!E39 -> 43.11 | G41: =ROUND(E41*F41,2) -> 172.44
A42: - | B42: Анализ 30 | C42: Доставка и монтаж на преход външна резба ∅25-3/4" вкл. електрозаваряема муфа ∅25 | D42: бр. | E42: =E39*2 -> 8 | F42: ='Ед. Цени'!E40 -> 24.34 | G42: =ROUND(E42*F42,2) -> 194.72
A43: - | B43: Анализ 31 | C43: Доставка и монтаж на ТСК ∅3/4" | D43: бр. | E43: =E39*1 -> 4 | F43: ='Ед. Цени'!E41 -> 128.92 | G43: =ROUND(E43*F43,2) -> 515.68
A44: - | B44: Анализ 32 | C44: Доставка и монтаж на преход с електрозаваряема муфа PE-метал ∅25-3/4" с вътрешна резба | D44: бр. | E44: =E39*1 -> 4 | F44: ='Ед. Цени'!E42 -> 25.8 | G44: =ROUND(E44*F44,2) -> 103.2
A45: 22 | C45: СВО ∅90-3/4" | D45: бр. | E45: 10
A46: - | B46: Анализ 28 | C46: Доставка и монтаж на тръби ∅25 PE100 PN10 за сградни водопроводни отклонения- 1 брой СВО | D46: m' | E46: =E45*6 -> 60 | F46: ='Ед. Цени'!E38 -> 5.29 | G46: =ROUND(E46*F46,2) -> 317.4
A47: - | B47: Анализ 33 | C47: Доставка и монтаж на водовземна скоба за РЕ електрозаваряема ∅90-3/4" вкл. муфа ∅25 | D47: бр. | E47: =E45*1 -> 10 | F47: ='Ед. Цени'!E43 -> 64.92 | G47: =ROUND(E47*F47,2) -> 649.2
A48: - | B48: Анализ 30 | C48: Доставка и монтаж на преход външна резба ∅25-3/4" вкл. електрозаваряема муфа ∅25 | D48: бр. | E48: =E45*2 -> 20 | F48: ='Ед. Цени'!E40 -> 24.34 | G48: =ROUND(E48*F48,2) -> 486.8
A49: - | B49: Анализ 31 | C49: Доставка и монтаж на ТСК ∅3/4" | D49: бр. | E49: =E45*1 -> 10 | F49: ='Ед. Цени'!E41 -> 128.92 | G49: =ROUND(E49*F49,2) -> 1289.2
A50: - | B50: Анализ 32 | C50: Доставка и монтаж на преход с електрозаваряема муфа PE-метал ∅25-3/4" с вътрешна резба | D50: бр. | E50: =E45*1 -> 10 | F50: ='Ед. Цени'!E42 -> 25.8 | G50: =ROUND(E50*F50,2) -> 258
A51: 23 | B51: Анализ 34 | C51: Доставка и монтаж на детекторна сигнална лента с метална нишка | D51: m' | E51: 418 | F51: ='Ед. Цени'!E44 -> 1.5 | G51: =ROUND(E51*F51,2) -> 627
A52: 24 | B52: Анализ 35 | C52: Доставка и монтаж на сигнална лента "Водопровод" | D52: m' | E52: 418 | F52: ='Ед. Цени'!E45 -> 0.9 | G52: =ROUND(E52*F52,2) -> 376.2
A53: 25 | B53: Анализ 36 | C53: Изпитване на водопровода | D53: m' | E53: 418 | F53: ='Ед. Цени'!E46 -> 2.23 | G53: =ROUND(E53*F53,2) -> 932.14
A54: 26 | B54: Анализ 37 | C54: Дезинфекция на водопровода | D54: m' | E54: 418 | F54: ='Ед. Цени'!E47 -> 1.75 | G54: =ROUND(E54*F54,2) -> 731.5
A55: 27 | B55: Анализ 38 | C55: Доставка и монтаж на муфа електрозаваряема ∅63 (вкл.самата заварка) | D55: бр. | E55: 20 | F55: ='Ед. Цени'!E48 -> 20.15 | G55: =ROUND(E55*F55,2) -> 403
A56: 28 | B56: Анализ 39 | C56: Доставка и монтаж на муфа електрозаваряема ∅90 (вкл.самата заварка) | D56: бр. | E56: 38 | F56: ='Ед. Цени'!E49 -> 24.99 | G56: =ROUND(E56*F56,2) -> 949.62
A57: I. | C57: ОБЩА СТОЙНОСТ СМР ВОДОПРОВОДЕН КЛОН 3: | G57: =SUM(G10:G56) -> 32108.98
A58: Водопроводен клон 4 - по ул. "4-та"от ОТ35 до ОТ36 - L=150 m'
A59: I. | C59: Строителна част
A60: 1 | C60: Направа на изкоп по детайл на транспорт за основен водопровод(0,80x1,70m') и СВО(0,50x1,20m')
B61: Анализ 1 | C61: - машинен в земни почви 100 % | D61: m3 | E61: 223 | F61: ='Ед. Цени'!E11 -> 5.57 | G61: =ROUND(E61*F61,2) -> 1242.11
A62: 2 | B62: Анализ 2 | C62: Извозване на излишни земни маси от масов изкоп за водопровод и СВО за оползотворяване или депониране (до 5 км) | D62: m3 | E62: 51 | F62: ='Ед. Цени'!E12 -> 2.79 | G62: =ROUND(E62*F62,2) -> 142.29
A63: 3 | B63: Анализ 3 | C63: Неплътно укрепване и разкрепване за основен водопровод - 1,8 m2/m' | D63: m2 | E63: 270 | F63: ='Ед. Цени'!E13 -> 1.38 | G63: =ROUND(E63*F63,2) -> 372.6
A64: 4 | B64: Анализ 40 | C64: Направа на подложка, странична засипка и пласт насип над тръби (20см) за основен водопровод и СВО в непланирани улици и тротоари от дребнозърнест скален материал (трошен пясък) фракция 0-4 мм, вкл. доставка от 100 km, складиране и уплътняване | D64: m3 | E64: 51 | F64: ='Ед. Цени'!E50 -> 36.6 | G64: =ROUND(E64*F64,2) -> 1866.6
A65: 5 | B65: Анализ 5 | C65: Обратна засипка на основна траншея и СВО със земна маса (0-30 mm) и уплътняване с вибро трамбовка през 30см | D65: m3 | E65: 172 | F65: ='Ед. Цени'!E15 -> 8.88 | G65: =ROUND(E65*F65,2) -> 1527.36
A66: 6 | B66: Анализ 6 | C66: Водочерпене по време на строителството | D66: мсм | E66: 3 | F66: ='Ед. Цени'!E16 -> 17.33 | G66: =ROUND(E66*F66,2) -> 51.99
A67: II. | C67: Монтажна част
A68: 1 | B68: Анализ 8 | C68: Доставка, полагане и монтаж на тръби ∅90 PE100 PN10 | D68: m' | E68: 150 | F68: ='Ед. Цени'!E18 -> 18.44 | G68: =ROUND(E68*F68,2) -> 2766
A69: 2 | C69: СВО ∅90-3/4" | D69: бр. | E69: 7
A70: - | B70: Анализ 28 | C70: Доставка и монтаж на тръби ∅25 PE100 PN10 за сградни водопроводни отклонения- 1 брой СВО | D70: m' | E70: =E69*6 -> 42 | F70: ='Ед. Цени'!E38 -> 5.29 | G70: =ROUND(E70*F70,2) -> 222.18
A71: - | B71: Анализ 33 | C71: Доставка и монтаж на водовземна скоба за РЕ електрозаваряема ∅90-3/4" вкл. муфа ∅25 | D71: бр. | E71: =E69*1 -> 7 | F71: ='Ед. Цени'!E43 -> 64.92 | G71: =ROUND(E71*F71,2) -> 454.44
A72: - | B72: Анализ 30 | C72: Доставка и монтаж на преход външна резба ∅25-3/4" вкл. електрозаваряема муфа ∅25 | D72: бр. | E72: =E69*2 -> 14 | F72: ='Ед. Цени'!E40 -> 24.34 | G72: =ROUND(E72*F72,2) -> 340.76
A73: - | B73: Анализ 31 | C73: Доставка и монтаж на ТСК ∅3/4" | D73: бр. | E73: =E69*1 -> 7 | F73: ='Ед. Цени'!E41 -> 128.92 | G73: =ROUND(E73*F73,2) -> 902.44
A74: - | B74: Анализ 32 | C74: Доставка и монтаж на преход с електрозаваряема муфа PE-метал ∅25-3/4" с вътрешна резба | D74: бр. | E74: =E69*1 -> 7 | F74: ='Ед. Цени'!E42 -> 25.8 | G74: =ROUND(E74*F74,2) -> 180.6
A75: 3 | B75: Анализ 34 | C75: Доставка и монтаж на детекторна сигнална лента с метална нишка | D75: m' | E75: 150 | F75: ='Ед. Цени'!E44 -> 1.5 | G75: =ROUND(E75*F75,2) -> 225
A76: 4 | B76: Анализ 35 | C76: Доставка и монтаж на сигнална лента "Водопровод" | D76: m' | E76: 150 | F76: ='Ед. Цени'!E45 -> 0.9 | G76: =ROUND(E76*F76,2) -> 135
A77: 5 | B77: Анализ 36 | C77: Изпитване на водопровода | D77: m' | E77: 150 | F77: ='Ед. Цени'!E46 -> 2.23 | G77: =ROUND(E77*F77,2) -> 334.5
A78: 6 | B78: Анализ 37 | C78: Дезинфекция на водопровода | D78: m' | E78: 150 | F78: ='Ед. Цени'!E47 -> 1.75 | G78: =ROUND(E78*F78,2) -> 262.5
A79: 7 | B79: Анализ 39 | C79: Доставка и монтаж на муфа електрозаваряема ∅90 (вкл.самата заварка) | D79: бр. | E79: 13 | F79: ='Ед. Цени'!E49 -> 24.99 | G79: =ROUND(E79*F79,2) -> 324.87
A80: II. | C80: ОБЩА СТОЙНОСТ СМР ВОДОПРОВОДЕН КЛОН 4: | G80: =SUM(G60:G79) -> 11351.24
A81: Водопроводен клон 5 - по ул."3-та" от ОТ17 до ОТ19 - L=264 m'
A82: I. | C82: Строителна част
A83: 1 | C83: Направа на изкоп по детайл на транспорт за основен водопровод(0,80x1,70m') и СВО(0,50x1,20m')
B84: Анализ 1 | C84: - машинен в земни почви 100 % | D84: m3 | E84: 411 | F84: ='Ед. Цени'!E11 -> 5.57 | G84: =ROUND(E84*F84,2) -> 2289.27
A85: 2 | B85: Анализ 2 | C85: Извозване на излишни земни маси от масов изкоп за водопровод и СВО за оползотворяване или депониране (до 5 км) | D85: m3 | E85: 182 | F85: ='Ед. Цени'!E12 -> 2.79 | G85: =ROUND(E85*F85,2) -> 507.78
A86: 3 | B86: Анализ 3 | C86: Неплътно укрепване и разкрепване за основен водопровод - 1,8 m2/m' | D86: m2 | E86: 475 | F86: ='Ед. Цени'!E13 -> 1.38 | G86: =ROUND(E86*F86,2) -> 655.5
A87: 4 | B87: Анализ 41 | C87: Направа на подложка, странична засипка и пласт насип над тръби (20см) за основен водопровод и СВО в макадамови улици и тротоари от дребнозърнест скален материал (трошен пясък) фракция 0-4 мм, вкл. доставка от 100 km, складиране и уплътняване | D87: m3 | E87: 95 | F87: ='Ед. Цени'!E51 -> 36.6 | G87: =ROUND(E87*F87,2) -> 3477
A88: 5 | B88: Анализ 5 | C88: Обратна засипка на основна траншея и СВО със земна маса (0-30 mm) и уплътняване с вибро трамбовка през 30см | D88: m3 | E88: 228 | F88: ='Ед. Цени'!E15 -> 8.88 | G88: =ROUND(E88*F88,2) -> 2024.64
A89: 6 | B89: Анализ 6 | C89: Водочерпене по време на строителството | D89: мсм | E89: 5 | F89: ='Ед. Цени'!E16 -> 17.33 | G89: =ROUND(E89*F89,2) -> 86.65
A90: 7 | B90: Анализ 7 | C90: Доставка и полагане на пътна основа в макадамови улици от трошен камък с непрекъсната зърнометрия, вкл.превоз и уплътняване (фракция 0-63) Е=250 Mpa (до 80km) | D90: m3 | E90: 87 | F90: ='Ед. Цени'!E17 -> 33.08 | G90: =ROUND(E90*F90,2) -> 2877.96
A91: II. | C91: Монтажна част
A92: 1 | B92: Анализ 8 | C92: Доставка, полагане и монтаж на тръби ∅90 PE100 PN10 | D92: m' | E92: 264 | F92: ='Ед. Цени'!E18 -> 18.44 | G92: =ROUND(E92*F92,2) -> 4868.16
A93: 2 | B93: Анализ 10 | C93: Доставка и монтаж на предфланшова връзка ∅90 PE100 PN10 | D93: бр. | E93: 3 | F93: ='Ед. Цени'!E20 -> 36.21 | G93: =ROUND(E93*F93,2) -> 108.63
A94: 3 | B94: Анализ 12 | C94: Доставка и монтаж на тройник ∅90-90-90 PE100 PN10 | D94: бр. | E94: 3 | F94: ='Ед. Цени'!E22 -> 48.31 | G94: =ROUND(E94*F94,2) -> 144.93
A95: 4 | B95: Анализ 14 | C95: Доставка и монтаж на намалител ∅90-63 PE100 PN10 | D95: бр. | E95: 1 | F95: ='Ед. Цени'!E24 -> 26.86 | G95: =ROUND(E95*F95,2) -> 26.86
A96: 5 | B96: Анализ 19 | C96: Доставка и монтаж на СК DN80 шибърен ,чугун, с гумиран клин, с охранителна гарнитура | D96: бр. | E96: 2 | F96: ='Ед. Цени'!E29 -> 150.7 | G96: =ROUND(E96*F96,2) -> 301.4
A97: 6 | B97: Анализ 21 | C97: Доставка и монтаж на ПХ DN70/80 надземен с пета | D97: бр. | E97: 1 | F97: ='Ед. Цени'!E31 -> 324.5 | G97: =ROUND(E97*F97,2) -> 324.5
A98: 7 | B98: Анализ 23 | C98: Доставка и монтаж на свободен фланец, гумен уплътнител и болтове М16/80, шайби и гайки за фланшова връзка DN80 | D98: бр. | E98: 3 | F98: ='Ед. Цени'!E33 -> 34.49 | G98: =ROUND(E98*F98,2) -> 103.47
A99: 8 | B99: Анализ 24 | C99: Доставка и монтаж на бетонови опорни блокове | D99: бр. | E99: 5 | F99: ='Ед. Цени'!E34 -> 20.92 | G99: =ROUND(E99*F99,2) -> 104.6
A100: 9 | C100: СВО ∅90-3/4" | D100: бр. | E100: 18
A101: - | B101: Анализ 28 | C101: Доставка и монтаж на тръби ∅25 PE100 PN10 за сградни водопроводни отклонения- 1 брой СВО | D101: m' | E101: =E100*6 -> 108 | F101: ='Ед. Цени'!E38 -> 5.29 | G101: =ROUND(E101*F101,2) -> 571.32
A102: - | B102: Анализ 33 | C102: Доставка и монтаж на водовземна скоба за РЕ електрозаваряема ∅90-3/4" вкл. муфа ∅25 | D102: бр. | E102: =E100*1 -> 18 | F102: ='Ед. Цени'!E43 -> 64.92 | G102: =ROUND(E102*F102,2) -> 1168.56
A103: - | B103: Анализ 30 | C103: Доставка и монтаж на преход външна резба ∅25-3/4" вкл. електрозаваряема муфа ∅25 | D103: бр. | E103: =E100*2 -> 36 | F103: ='Ед. Цени'!E40 -> 24.34 | G103: =ROUND(E103*F103,2) -> 876.24
A104: - | B104: Анализ 31 | C104: Доставка и монтаж на ТСК ∅3/4" | D104: бр. | E104: =E100*1 -> 18 | F104: ='Ед. Цени'!E41 -> 128.92 | G104: =ROUND(E104*F104,2) -> 2320.56
A105: - | B105: Анализ 32 | C105: Доставка и монтаж на преход с електрозаваряема муфа PE-метал ∅25-3/4" с вътрешна резба | D105: бр. | E105: =E100*1 -> 18 | F105: ='Ед. Цени'!E42 -> 25.8 | G105: =ROUND(E105*F105,2) -> 464.4
A106: 10 | B106: Анализ 34 | C106: Доставка и монтаж на детекторна сигнална лента с метална нишка | D106: m' | E106: 264 | F106: ='Ед. Цени'!E44 -> 1.5 | G106: =ROUND(E106*F106,2) -> 396
A107: 11 | B107: Анализ 35 | C107: Доставка и монтаж на сигнална лента "Водопровод" | D107: m' | E107: 264 | F107: ='Ед. Цени'!E45 -> 0.9 | G107: =ROUND(E107*F107,2) -> 237.6
A108: 12 | B108: Анализ 36 | C108: Изпитване на водопровода | D108: m' | E108: 264 | F108: ='Ед. Цени'!E46 -> 2.23 | G108: =ROUND(E108*F108,2) -> 588.72
A109: 13 | B109: Анализ 37 | C109: Дезинфекция на водопровода | D109: m' | E109: 264 | F109: ='Ед. Цени'!E47 -> 1.75 | G109: =ROUND(E109*F109,2) -> 462
...

Sheet Ед. Цени
A2: ВЪЗЛОЖИТЕЛ: ОБЩИНА ШАБЛА
A3: ОБЕКТ: „Реконструкция и рехабилитация на водоснабдителни системи и съоръжения в община Шабла по 3 (три) обособени позиции: Обособена позиция №1: „Реконструкция и рехабилитация на водоснабдителни системи и съоръжения в с. Горун, община Шабла“
A5: ЕДИНИЧНИ ЦЕНИ
A7: № по ред | C7: Наименование на работите | D7: Ед. мярка | E7: Ед. цена
A8: Водопроводен клон 3 - по ул. "3-та"от ОТ17 до ОТ39 и до края на улицата след ОТ36 - L=418 m'
A9: I. | C9: Строителна част
A10: 1 | B10: Анализ 1 | C10: Направа на изкоп по детайл на транспорт за основен водопровод(0,80x1,70m') и СВО(0,50x1,20m')
C11: - машинен в земни почви 100 % | D11: m3 | E11: 5.57 | F11: =E11-G11 -> 0 | G11: 5.57
A12: 2 | B12: Анализ 2 | C12: Извозване на излишни земни маси от масов изкоп за водопровод и СВО за оползотворяване или депониране (до 5 км) | D12: m3 | E12: 2.79 | F12: =E12-G12 -> 0 | G12: 2.79
A13: 3 | B13: Анализ 3 | C13: Неплътно укрепване и разкрепване за основен водопровод - 1,8 m2/m' | D13: m2 | E13: 1.38 | F13: =E13-G13 -> 0 | G13: 1.38
A14: 4 | B14: Анализ 4 | C14: Направа на подложка, странична засипка и пласт насип над тръби (20см) за основен водопровод и СВО в макадамови и непланирани улици и тротоари от дребнозърнест скален материал (трошен пясък) фракция 0-4 мм, вкл. доставка от 100 km, складиране и уплътняване | D14: m3 | E14: 36.6 | F14: =E14-G14 -> 0 | G14: 36.6
A15: 5 | B15: Анализ 5 | C15: Обратна засипка на основна траншея и СВО със земна маса (0-30 mm) и уплътняване с вибро трамбовка през 30см | D15: m3 | E15: 8.88 | F15: =E15-G15 -> 0 | G15: 8.88
A16: 6 | B16: Анализ 6 | C16: Водочерпене по време на строителството | D16: мсм | E16: 17.33 | F16: =E16-G16 -> 0 | G16: 17.33
A17: 7 | B17: Анализ 7 | C17: Доставка и полагане на пътна основа в макадамови улици от трошен камък с непрекъсната зърнометрия, вкл.превоз и уплътняване (фракция 0-63) Е=250 Mpa (до 80km) | D17: m3 | E17: 33.08 | F17: =E17-G17 -> 0 | G17: 33.08
A18: 1 | B18: Анализ 8 | C18: Доставка, полагане и монтаж на тръби ∅90 PE100 PN10 | D18: m' | E18: 18.44 | F18: =E18-G18 -> -7.61 | G18: 26.05
A19: 2 | B19: Анализ 9 | C19: Доставка, полагане и монтаж на тръби ∅63 PE100 PN10 | D19: m' | E19: 7.05 | F19: =E19-G19 -> 0 | G19: 7.05
A20: 3 | B20: Анализ 10 | C20: Доставка и монтаж на предфланшова връзка ∅90 PE100 PN10 | D20: бр. | E20: 36.21 | F20: =E20-G20 -> 0 | G20: 36.21
A21: 4 | B21: Анализ 11 | C21: Доставка и монтаж на предфланшова връзка ∅63 PE100 PN10 | D21: бр. | E21: 26.26 | F21: =E21-G21 -> 0 | G21: 26.26
A22: 5 | B22: Анализ 12 | C22: Доставка и монтаж на тройник ∅90-90-90 PE100 PN10 | D22: бр. | E22: 48.31 | F22: =E22-G22 -> 0 | G22: 48.31
A23: 6 | B23: Анализ 13 | C23: Доставка и монтаж на тройник намалител ∅90-63-90 PE100 PN10 | D23: бр. | E23: 50.73 | F23: =E23-G23 -> 0 | G23: 50.73
... A37: 20 | B37: Анализ 27 | C37: Доставка и монтаж на преход с електрозаваряема муфа PE-метал ∅63-2" с външна резба | D37: бр. | E37: 32.45 | F37: =E37-G37 -> 0 | G37: 32.45
A38: - | B38: Анализ 28 | C38: Доставка и монтаж на тръби ∅25 PE100 PN10 за сградни водопроводни отклонения- 1 брой СВО | D38: m' | E38: 5.29 | F38: =E38-G38 -> 0 | G38: 5.29
A39: - | B39: Анализ 29 | C39: Доставка и монтаж на водовземна скоба за РЕ електрозаваряема ∅63-3/4" | D39: бр. | E39: 43.11 | F39: =E39-G39 -> 0 | G39: 43.11
A40: - | B40: Анализ 30 | C40: Доставка и монтаж на преход външна резба ∅25-3/4" вкл. електрозаваряема муфа ∅25 | D40: бр. | E40: 24.34 | F40: =E40-G40 -> 0 | G40: 24.34
A41: - | B41: Анализ 31 | C41: Доставка и монтаж на ТСК ∅3/4" | D41: бр. | E41: 128.92 | F41: =E41-G41 -> 0 | G41: 128.92
A42: - | B42: Анализ 32 | C42: Доставка и монтаж на преход с електрозаваряема муфа PE-метал ∅25-3/4" с вътрешна резба | D42: бр. | E42: 25.8 | F42: =E42-G42 -> 0 | G42: 25.8
A43: - | B43: Анализ 33 | C43: Доставка и монтаж на водовземна скоба за РЕ електрозаваряема ∅90-3/4" вкл. муфа ∅25 | D43: бр. | E43: 64.92 | F43: =E43-G43 -> 0 | G43: 64.92
A44: 23 | B44: Анализ 34 | C44: Доставка и монтаж на детекторна сигнална лента с метална нишка | D44: m' | E44: 1.5 | F44: =E44-G44 -> 0 | G44: 1.5
A45: 24 | B45: Анализ 35 | C45: Доставка и монтаж на сигнална лента "Водопровод" | D45: m' | E45: 0.9 | F45: =E45-G45 -> 0 | G45: 0.9
A46: 25 | B46: Анализ 36 | C46: Изпитване на водопровода | D46: m' | E46: 2.23 | F46: =E46-G46 -> 0 | G46: 2.23
A47: 26 | B47: Анализ 37 | C47: Дезинфекция на водопровода | D47: m' | E47: 1.75 | F47: =E47-G47 -> 0 | G47: 1.75
A48: 27 | B48: Анализ 38 | C48: Доставка и монтаж на муфа електрозаваряема ∅63 (вкл.самата заварка) | D48: бр. | E48: 20.15 | F48: =E48-G48 -> 0 | G48: 20.15
A49: 28 | B49: Анализ 39 | C49: Доставка и монтаж на муфа електрозаваряема ∅90 (вкл.самата заварка) | D49: бр. | E49: 24.99 | F49: =E49-G49 -> 0 | G49: 24.99
A50: 4 | B50: Анализ 40 | C50: Направа на подложка, странична засипка и пласт насип над тръби (20см) за основен водопровод и СВО в непланирани улици и тротоари от дребнозърнест скален материал (трошен пясък) фракция 0-4 мм, вкл. доставка от 100 km, складиране и уплътняване | D50: m3 | E50: 36.6 | F50: =E50-G50 -> 0 | G50: 36.6
A51: 4 | B51: Анализ 41 | C51: Направа на подложка, странична засипка и пласт насип над тръби (20см) за основен водопровод и СВО в макадамови улици и тротоари от дребнозърнест скален материал (трошен пясък) фракция 0-4 мм, вкл. доставка от 100 km, складиране и уплътняване | D51: m3 | E51: 36.6 | F51: =E51-G51 -> 0 | G51: 36.6
A52: 1 | B52: Анализ 42 | C52: Рязане на асфалтова настилка | D52: m' | E52: 1.74 | F52: =E52-G52 -> 0 | G52: 1.74
A53: 2 | B53: Анализ 43 | C53: Разкъртване на асфалтова настилка за основен водопровод и СВО - механизирано (10см пласт) | D53: m2 | E53: 3.43 | F53: =E53-G53 -> 0 | G53: 3.43
A54: 3 | B54: Анализ 44 | C54: Натоварване и извозване на строителни отпадъци на постоянно депо (до 100 км) | D54: m3 | E54: 4.08 | F54: =E54-G54 -> 0 | G54: 4.08
A55: 7 | B55: Анализ 45 | C55: Направа на подложка, странична засипка и пласт насип над тръби (20см) за основен водопровод и СВО в асфалтови улици от дребнозърнест скален материал (трошен пясък) фракция 0-4 мм, вкл. доставка от 100 km, складиране и уплътняване | D55: m3 | E55: 36.6 | F55: =E55-G55 -> 0 | G55: 36.6
... A70: 5 | B70: Анализ 60 | C70: Доставка и монтаж на тройник намалител ∅90-63-90 PE100 PN10 | D70: бр. | E70: 50.73 | F70: =E70-G70 -> 0 | G70: 50.73
F71: =SUM(F11:F70) -> -7.61

Sheet Анализи
