Workbook

Sheet кл.I.3
A1: Обект: Реконструкция на компрометирани участъци от водопроводната мрежа в с.Апарухово, Общ.Дългопол- етап 2
A2: Възложител: Община Дългопол
A4: KОЛИЧЕСТВЕНО- СТОЙНОСТНА СМЕТКА - клон I.3 /о.т. 100 до о.т.89/
C7: СВО-къси | D7: 11
C8: СВО-дълги | D8: 15
C9: ПХ | D9: 2
C10: Широчина изкоп | D10: 1.1
C11: Широчина разваляне и възстановяване наст. | D11: 1.4
C12: Дълбочина изкоп | D12: 1.71
C13: Широчина регулация | D13: 10
C14: Широчина асфалт | D14: 6
A16: № | C16: Вид СМР | D16: М-ка | E16: Количество | F16: Ед. цена | G16: Стойност
A19: 1 | C19: 2 | D19: 3 | E19: 4 | F19: 5 | G19: 6
A20: I. ЧАСТ ВОДОСНАБДЯВАНЕ
A21: 1 | B21: анализ 1 | C21: Рязане с фугорез на асфалтова настилка | D21: л.м. | E21: 1052.4 | F21: ='Ед. Цени'!F21 -> 3.53 | G21: =ROUND((E21*F21),2) -> 3714.97
A22: 2 | B22: анализ 2 | C22: Разваляне асфалтова настилка | D22: м2 | E22: 736.68 | F22: ='Ед. Цени'!F22 -> 6.89 | G22: =ROUND((E22*F22),2) -> 5075.73
A23: 3 | B23: анализ 3 | C23: Изкоп с багер на отвал ЗП неукрепен - спада се от т.4 | D23: м3 | E23: 694.16424 | F23: ='Ед. Цени'!F23 -> 5.5 | G23: =ROUND((E23*F23),2) -> 3817.9
A24: 4 | B24: анализ 4 | C24: Изкоп с дълб. до 2м. ръчно - 30% | D24: м3 | E24: 297.49896 | F24: ='Ед. Цени'!F24 -> 24.35 | G24: =ROUND((E24*F24),2) -> 7244.1
A25: 5 | B25: анализ 5 | C25: Прехвърляне на изкопана земна маса на 2,00 м вертикално и хоризонтално | D25: м3 | E25: 297.49896 | F25: ='Ед. Цени'!F25 -> 12.47 | G25: =ROUND((E25*F25),2) -> 3709.81
A26: 6 | B26: анализ 6 | C26: Натоварване излишната пръст с багер на самосвал | D26: м3 | E26: 991.6632 | F26: ='Ед. Цени'!F26 -> 2.79 | G26: =ROUND((E26*F26),2) -> 2766.74
A27: 7 | B27: анализ 7 | C27: Разриване с булдозер на земни маси | D27: м3 | E27: 991.6632 | F27: ='Ед. Цени'!F27 -> 1.98 | G27: =ROUND((E27*F27),2) -> 1963.49
A28: 8 | B28: анализ 8 | C28: Превоз на земни маси със самосвал до 5км. | D28: м3 | E28: 991.6632 | F28: ='Ед. Цени'!F28 -> 2.79 | G28: =ROUND((E28*F28),2) -> 2766.74
A29: 9 | B29: анализ 9 | C29: Неплътно укрепване и разкрепване на изкопи | D29: м2 | E29: 1799.604 | F29: ='Ед. Цени'!F29 -> 2.42 | G29: =ROUND((E29*F29),2) -> 4355.04
A30: 10 | B30: анализ 10 | C30: Доставка на пясък със самосвал на 10км. | D30: м3 | E30: 289.96 | F30: ='Ед. Цени'!F30 -> 19.04 | G30: =ROUND((E30*F30),2) -> 5520.84
A31: 11 | B31: анализ 11 | C31: Превоз с ръчни колички на пясък на 50м | D31: м3 | E31: 289.96 | F31: ='Ед. Цени'!F31 -> 6.14 | G31: =ROUND((E31*F31),2) -> 1780.35
A32: 12 | B32: анализ 12 | C32: Подложка от пясък 10см. | D32: м3 | E32: 57.992 | F32: ='Ед. Цени'!F32 -> 8.17 | G32: =ROUND((E32*F32),2) -> 473.79
... A69: 49 | B69: анализ 49 | C69: Доставка и монтажна детекторна лента над водопровода | D69: л.м. | E69: 527.2 | F69: ='Ед. Цени'!F69 -> 1.41 | G69: =ROUND((E69*F69),2) -> 743.35
C70: Общо за част Водоснабдяване: | G70: =SUM(G21:G69) -> 103304.56
A71: II. ЧАСТ ВЪЗСТАНОВЯВАНЕ НА НАСТИЛКАТА
A72: 1 | B72: анализ 50 | C72: Изкоп на земни почви с багер на транспорт | D72: м3 | E72: 76.33 | F72: ='Ед. Цени'!F70 -> 7.8 | G72: =ROUND((E72*F72),2) -> 595.37
A73: 2 | B73: анализ 51 | C73: Изкоп ръчен в земни почви | D73: м3 | E73: 32.71 | F73: ='Ед. Цени'!F71 -> 16.63 | G73: =ROUND((E73*F73),2) -> 543.97
A74: 3 | B74: анализ 52 | C74: Почистване на реголи и настилки от кал | D74: м2 | E74: 180.48 | F74: ='Ед. Цени'!F72 -> 6.09 | G74: =ROUND((E74*F74),2) -> 1099.12
A75: 4 | B75: анализ 53 | C75: Натоварване разк. земна почва на транспорт с багер | D75: м3 | E75: 39.25 | F75: ='Ед. Цени'!F73 -> 1.64 | G75: =ROUND((E75*F75),2) -> 64.37
A76: 5 | B76: анализ 54 | C76: Извозване на депо земни почви до 10 км | D76: м3 | E76: 112.8 | F76: ='Ед. Цени'!F74 -> 8.54 | G76: =ROUND((E76*F76),2) -> 963.31
A77: 6 | B77: анализ 7 | C77: Разриване с булдозер на земни маси | D77: м3 | E77: 112.8 | F77: ='Ед. Цени'!F27 -> 1.98 | G77: =ROUND((E77*F77),2) -> 223.34
A78: 7 | B78: анализ 55 | C78: Фрезоване на асфалт | D78: м2 | E78: 1880 | F78: ='Ед. Цени'!F75 -> 1.78 | G78: =ROUND((E78*F78),2) -> 3346.4
A79: 8 | B79: анализ 56 | C79: Натоварване на отпадъци на транспорт с багер | D79: м3 | E79: 90.24 | F79: ='Ед. Цени'!F76 -> 1.78 | G79: =ROUND((E79*F79),2) -> 160.63
A80: 9 | B80: анализ 57 | C80: Извозване на асфалтови отпадъци на 80 км | D80: т | E80: 131.6 | F80: ='Ед. Цени'!F77 -> 21.54 | G80: =ROUND((E80*F80),2) -> 2834.66
A81: 10 | B81: анализ 58 | C81: Демонтаж бордюри | D81: м | E81: 250 | F81: ='Ед. Цени'!F78 -> 6.93 | G81: =ROUND((E81*F81),2) -> 1732.5
A82: 11 | B82: анализ 59 | C82: Доставка и монтаж на бетонови бордюри 15/25/50 | D82: м | E82: 250 | F82: ='Ед. Цени'!F79 -> 27.54 | G82: =ROUND((E82*F82),2) -> 6885
A83: 12 | B83: анализ 60 | C83: Разкъртване на стара трош. настилка | D83: м2 | E83: 210.56 | F83: ='Ед. Цени'!F80 -> 7.88 | G83: =ROUND((E83*F83),2) -> 1659.21
A84: 13 | B84: анализ 61 | C84: Изкърпване на трошенокаменна настилка - деб. 0.35 м | D84: м2 | E84: 210.56 | F84: ='Ед. Цени'!F81 -> 14.48 | G84: =ROUND((E84*F84),2) -> 3048.91
A85: 14 | B85: анализ 62 | C85: Изкърпване на трошенокаменна настилка деб. до - 0.10 м | D85: м2 | E85: 1710.8 | F85: ='Ед. Цени'!F82 -> 11.72 | G85: =ROUND((E85*F85),2) -> 20050.58
A86: 15 | B86: анализ 63 | C86: Почистване и грундиране настилки | D86: м2 | E86: 2256 | F86: ='Ед. Цени'!F83 -> 1.89 | G86: =ROUND((E86*F86),2) -> 4263.84
A87: 16 | B87: анализ 64 | C87: Машинно полагане на плътна асфалтова смес - 5 см. | D87: т | E87: 270.72 | F87: ='Ед. Цени'!F84 -> 134.12 | G87: =ROUND((E87*F87),2) -> 36308.97
C89: Общо за част Възстановяване на настилката: | G89: =SUM(G72:G88) -> 83780.18
C90: ВСИЧКО СМР: | G90: =SUM(G70+G89) -> 187084.74
C91: ДДС 20 %0 ЧАСТ ПЪТНА: | G91: =+G89*0.2 -> 16756.036
C92: ОБЩО СМР: | G92: =+G91+G90 -> 203840.78

Sheet кл.I.4
A1: Обект: Реконструкция на компрометирани участъци от водопроводната мрежа в с.Апарухово, Общ.Дългопол- етап 2
A2: Възложител: Община Дългопол
A4: KОЛИЧЕСТВЕНО- СТОЙНОСТНА СМЕТКА - клон I.4 /о.т. 89 до о.т.83/
A8: № | C8: Вид СМР | D8: М-ка | E8: Количество | F8: Ед. цена | G8: Стойност
A11: 1 | C11: 2 | D11: 3 | E11: 4 | F11: 5 | G11: 6
A12: I. ЧАСТ ВОДОСНАБДЯВАНЕ
A13: 1 | B13: анализ 1 | C13: Рязане с фугорез на асфалтова настилка | D13: л.м. | E13: 267.6 | F13: ='Ед. Цени'!F21 -> 3.53 | G13: =ROUND((E13*F13),2) -> 944.63
A14: 2 | B14: анализ 2 | C14: Разваляне асфалтова настилка | D14: м2 | E14: 187.32 | F14: ='Ед. Цени'!F22 -> 6.89 | G14: =ROUND((E14*F14),2) -> 1290.63
A15: 3 | B15: анализ 3 | C15: Изкоп с багер на отвал ЗП неукрепен - спада се от т.4 | D15: м3 | E15: 176.83281 | F15: ='Ед. Цени'!F23 -> 5.5 | G15: =ROUND((E15*F15),2) -> 972.58
A16: 4 | B16: Анализ 65 | C16: Изкоп с дълб. до 2м. ръчно - 30% от машинния | D16: м3 | E16: 75.78549 | F16: ='Ед. Цени'!F85 -> 24.35 | G16: =ROUND((E16*F16),2) -> 1845.38
A17: 5 | B17: анализ 5 | C17: Прехвърляне на изкопана земна маса на 2,00 м вертикално и хоризонтално | D17: м3 | E17: 75.78549 | F17: ='Ед. Цени'!F25 -> 12.47 | G17: =ROUND((E17*F17),2) -> 945.05
A18: 6 | B18: анализ 6 | C18: Натоварване излишната пръст с багер на самосвал | D18: м3 | E18: 252.6183 | F18: ='Ед. Цени'!F26 -> 2.79 | G18: =ROUND((E18*F18),2) -> 704.81
A19: 7 | B19: анализ 7 | C19: Разриване с булдозер на земни маси | D19: м3 | E19: 252.6183 | F19: ='Ед. Цени'!F27 -> 1.98 | G19: =ROUND((E19*F19),2) -> 500.18
A20: 8 | B20: анализ 8 | C20: Превоз на земни маси със самосвал до 5км. | D20: м3 | E20: 252.6183 | F20: ='Ед. Цени'!F28 -> 2.79 | G20: =ROUND((E20*F20),2) -> 704.81
A21: 9 | B21: анализ 9 | C21: Неплътно укрепване и разкрепване на изкопи | D21: м2 | E21: 457.596 | F21: ='Ед. Цени'!F29 -> 2.42 | G21: =ROUND((E21*F21),2) -> 1107.38
A22: 10 | B22: анализ 10 | C22: Доставка на пясък със самосвал на 10км. | D22: м3 | E22: 73.865 | F22: ='Ед. Цени'!F30 -> 19.04 | G22: =ROUND((E22*F22),2) -> 1406.39
A23: 11 | B23: анализ 11 | C23: Превоз с ръчни колички на пясък на 50м | D23: м3 | E23: 73.865 | F23: ='Ед. Цени'!F31 -> 6.14 | G23: =ROUND((E23*F23),2) -> 453.53
A24: 12 | B24: анализ 12 | C24: Подложка от пясък 10см. | D24: м3 | E24: 14.773 | F24: ='Ед. Цени'!F32 -> 8.17 | G24: =ROUND((E24*F24),2) -> 120.7
A25: 13 | B25: анализ 13 | C25: Засипване на тръби с пясък - 40см. | D25: м3 | E25: 59.092 | F25: ='Ед. Цени'!F33 -> 4.75 | G25: =ROUND((E25*F25),2) -> 280.69
A26: 14 | B26: анализ 14 | C26: Уплътняване на пясък с пневматична трамбовка | D26: м3 | E26: 73.865 | F26: ='Ед. Цени'!F34 -> 3.66 | G26: =ROUND((E26*F26),2) -> 270.35
A27: 15 | B27: анализ 15 | C27: Доставка на нестандартна скална маса от кариера на 5км | D27: м3 | E27: 119.8813 | F27: ='Ед. Цени'!F35 -> 17.82 | G27: =ROUND((E27*F27),2) -> 2136.28
A28: 16 | B28: анализ 16 | C28: Превоз с ръчни колички на скална маса на 50м | D28: м3 | E28: 119.8813 | F28: ='Ед. Цени'!F36 -> 6.14 | G28: =ROUND((E28*F28),2) -> 736.07
... A38: 26 | B38: анализ 26 | C38: ВС ф125/1" | D38: бр. | E38: 4 | F38: ='Ед. Цени'!F46 -> 72.23 | G38: =ROUND((E38*F38),2) -> 288.92
A39: 27 | B39: Анализ 66 | C39: Дъга ф125/21 | D39: бр. | E39: 1 | F39: ='Ед. Цени'!F86 -> 49.94 | G39: =ROUND((E39*F39),2) -> 49.94
A40: 28 | B40: анализ 28 | C40: Заварка ф125 | D40: бр. | E40: 13.316667 | F40: ='Ед. Цени'!F48 -> 18.67 | G40: =ROUND((E40*F40),2) -> 248.62
A41: 29 | B41: анализ 29 | C41: Заварка ф90 | D41: бр. | E41: 2 | F41: ='Ед. Цени'!F49 -> 15.4 | G41: =ROUND((E41*F41),2) -> 30.8
A42: 30 | B42: анализ 30 | C42: Ко ф32/1" | D42: бр. | E42: 4 | F42: ='Ед. Цени'!F50 -> 15.9 | G42: =ROUND((E42*F42),2) -> 63.6
A43: 31 | B43: анализ 31 | C43: ПМ ф32/1" | D43: бр. | E43: 4 | F43: ='Ед. Цени'!F51 -> 18.32 | G43: =ROUND((E43*F43),2) -> 73.28
A44: 32 | B44: анализ 32 | C44: ПП. Фл. ф90 | D44: бр. | E44: 1 | F44: ='Ед. Цени'!F52 -> 35.82 | G44: =ROUND((E44*F44),2) -> 35.82
A45: 33 | B45: анализ 33 | C45: ПХ ф70/80 | D45: бр. | E45: 1 | F45: ='Ед. Цени'!F53 -> 324.5 | G45: =ROUND((E45*F45),2) -> 324.5
A46: 34 | B46: анализ 34 | C46: Св. Фл. ф80 | D46: бр. | E46: 1 | F46: ='Ед. Цени'!F54 -> 39.45 | G46: =ROUND((E46*F46),2) -> 39.45
A47: 35 | B47: анализ 35 | C47: СК ф80 с охр. гарн. | D47: бр. | E47: 1 | F47: ='Ед. Цени'!F55 -> 150.7 | G47: =ROUND((E47*F47),2) -> 150.7
A48: 36 | B48: анализ 36 | C48: ТН ф125/ф90 | D48: бр. | E48: 2 | F48: ='Ед. Цени'!F56 -> 65.4 | G48: =ROUND((E48*F48),2) -> 130.8
A49: 37 | B49: анализ 37 | C49: ТСК ф1" | D49: бр. | E49: 4 | F49: ='Ед. Цени'!F57 -> 132.99 | G49: =ROUND((E49*F49),2) -> 531.96
A50: 38 | B50: анализ 38 | C50: ФС Ф80 | D50: бр. | E50: 1 | F50: ='Ед. Цени'!F58 -> 39.45 | G50: =ROUND((E50*F50),2) -> 39.45
A51: 39 | B51: анализ 39 | C51: Хидравлично изпитване на водопровод | D51: л.м. | E51: 134.3 | F51: ='Ед. Цени'!F59 -> 1.78 | G51: =ROUND((E51*F51),2) -> 239.05
... A56: 44 | B56: анализ 44 | C56: Демонтаж и възстановяване на улични бордюри за СВО и ПХ | D56: л.м. | E56: 10 | F56: ='Ед. Цени'!F64 -> 8.95 | G56: =ROUND((E56*F56),2) -> 89.5
A57: 45 | B57: Анализ 67 | C57: Демонтаж и възстановяване на тротоарни плочки за СВО и ПХ | D57: м2 | E57: 10 | F57: ='Ед. Цени'!F87 -> 13.08 | G57: =ROUND((E57*F57),2) -> 130.8
A58: 46 | B58: анализ 45 | C58: Доставка, полагане и валиране каменна фракция 35/75 с Н=40см | D58: м3 | E58: 74.928 | F58: ='Ед. Цени'!F65 -> 18.94 | G58: =ROUND((E58*F58),2) -> 1419.14
A59: 47 | B59: анализ 46 | C59: Битумна разливка | D59: м2 | E59: 187.32 | F59: ='Ед. Цени'!F66 -> 1.77 | G59: =ROUND((E59*F59),2) -> 331.56
A60: 48 | B60: анализ 47 | C60: Доставка и полагане на неплътен асфалт 5 см | D60: тон | E60: 22.4784 | F60: ='Ед. Цени'!F67 -> 125.37 | G60: =ROUND((E60*F60),2) -> 2818.12
A61: 49 | B61: анализ 48 | C61: Доставка и монтажна сигнална лента над водопровода | D61: л.м. | E61: 134.3 | F61: ='Ед. Цени'!F68 -> 0.92 | G61: =ROUND((E61*F61),2) -> 123.56
A62: 50 | B62: анализ 49 | C62: Доставка и монтажна детекторна лента над водопровода | D62: л.м. | E62: 134.3 | F62: ='Ед. Цени'!F69 -> 1.41 | G62: =ROUND((E62*F62),2) -> 189.36
C63: Общо за част Водоснабдяване: | G63: =SUM(G13:G62) -> 26250.2
A64: II. ЧАСТ ВЪЗСТАНОВЯВАНЕ НА НАСТИЛКАТА
A65: 1 | B65: анализ 50 | C65: Изкоп на земни почви с багер на транспорт | D65: м3 | E65: 20.3 | F65: ='Ед. Цени'!F70 -> 7.8 | G65: =ROUND((E65*F65),2) -> 158.34
A66: 2 | B66: анализ 51 | C66: Изкоп ръчен в земни почви | D66: м3 | E66: 8.7 | F66: ='Ед. Цени'!F71 -> 16.63 | G66: =ROUND((E66*F66),2) -> 144.68
A67: 3 | B67: анализ 52 | C67: Почистване на реголи и настилки от кал | D67: м2 | E67: 48 | F67: ='Ед. Цени'!F72 -> 6.09 | G67: =ROUND((E67*F67),2) -> 292.32
A68: 4 | B68: анализ 53 | C68: Натоварване разк. земна почва на транспорт с багер | D68: м3 | E68: 10.44 | F68: ='Ед. Цени'!F73 -> 1.64 | G68: =ROUND((E68*F68),2) -> 17.12
A69: 5 | B69: анализ 54 | C69: Извозване на депо земни почви до 10 км | D69: м3 | E69: 30 | F69: ='Ед. Цени'!F74 -> 8.54 | G69: =ROUND((E69*F69),2) -> 256.2
A70: 6 | B70: анализ 7 | C70: Разриване с булдозер на земни маси | D70: м3 | E70: 30 | F70: ='Ед. Цени'!F27 -> 1.98 | G70: =ROUND((E70*F70),2) -> 59.4
A71: 7 | B71: анализ 55 | C71: Фрезоване на асфалт | D71: м2 | E71: 500 | F71: ='Ед. Цени'!F75 -> 1.78 | G71: =ROUND((E71*F71),2) -> 890
A72: 8 | B72: анализ 56 | C72: Натоварване на отпадъци на транспорт с багер | D72: м3 | E72: 24 | F72: ='Ед. Цени'!F76 -> 1.78 | G72: =ROUND((E72*F72),2) -> 42.72
A73: 9 | B73: анализ 57 | C73: Извозване на асфалтови отпадъци на 80 км | D73: т | E73: 35 | F73: ='Ед. Цени'!F77 -> 21.54 | G73: =ROUND((E73*F73),2) -> 753.9
A74: 10 | B74: анализ 58 | C74: Демонтаж бордюри | D74: м | E74: 100 | F74: ='Ед. Цени'!F78 -> 6.93 | G74: =ROUND((E74*F74),2) -> 693
A75: 11 | B75: анализ 59 | C75: Доставка и монтаж на бетонови бордюри 15/25/50 | D75: м | E75: 100 | F75: ='Ед. Цени'!F79 -> 27.54 | G75: =ROUND((E75*F75),2) -> 2754
A76: 12 | B76: анализ 60 | C76: Разкъртване на стара трош. настилка | D76: м2 | E76: 56 | F76: ='Ед. Цени'!F80 -> 7.88 | G76: =ROUND((E76*F76),2) -> 441.28
A77: 13 | B77: анализ 61 | C77: Изкърпване на трошенокаменна настилка - деб. 0.35 м | D77: м2 | E77: 56 | F77: ='Ед. Цени'!F81 -> 14.48 | G77: =ROUND((E77*F77),2) -> 810.88
A78: 14 | B78: анализ 62 | C78: Изкърпване на трошенокаменна настилка деб. до - 0.10 м | D78: м2 | E78: 455 | F78: ='Ед. Цени'!F82 -> 11.72 | G78: =ROUND((E78*F78),2) -> 5332.6
A79: 15 | B79: анализ 63 | C79: Почистване и грундиране настилки | D79: м2 | E79: 600 | F79: ='Ед. Цени'!F83 -> 1.89 | G79: =ROUND((E79*F79),2) -> 1134
A80: 16 | B80: анализ 64 | C80: Машинно полагане на плътна асфалтова смес - 5 см. | D80: т | E80: 72 | F80: ='Ед. Цени'!F84 -> 134.12 | G80: =ROUND((E80*F80),2) -> 9656.64
C82: Общо за част Възстановяване на настилката: | G82: =SUM(G65:G80) -> 23437.08
C83: ВСИЧКО СМР: | G83: =SUM(G63+G82) -> 49687.28
C84: ДДС 20 %0 ЧАСТ ПЪТНА | G84: =+G83*0.2 -> 9937.456
C85: ОБЩО СМР: | G85: =+G84+G83 -> 59624.736

Sheet кл.I.5
A1: Обект: Реконструкция на компрометирани участъци от водопроводната мрежа в с.Апарухово, Общ.Дългопол- етап 2
A2: Възложител: Община Дългопол
A4: KОЛИЧЕСТВЕНО- СТОЙНОСТНА СМЕТКА - клон I.5 /о.т. 83 до о.т.126/
A7: № | C7: Вид СМР | D7: М-ка | E7: Количество | F7: Ед. цена | G7: Стойност
A10: 1 | C10: 2 | D10: 3 | E10: 4 | F10: 5 | G10: 6
A11: I. ЧАСТ ВОДОСНАБДЯВАНЕ
A12: 1 | B12: анализ 1 | C12: Рязане с фугорез на асфалтова настилка | D12: л.м. | E12: 73.4 | F12: ='Ед. Цени'!F21 -> 3.53 | G12: =ROUND((E12*F12),2) -> 259.1
A13: 2 | B13: анализ 2 | C13: Разваляне асфалтова настилка | D13: м2 | E13: 51.38 | F13: ='Ед. Цени'!F22 -> 6.89 | G13: =ROUND((E13*F13),2) -> 354.01
A14: 3 | B14: анализ 3 | C14: Изкоп с багер на отвал ЗП неукрепен - спада се от т.4 | D14: м3 | E14: 48.32289 | F14: ='Ед. Цени'!F23 -> 5.5 | G14: =ROUND((E14*F14),2) -> 265.78
A15: 4 | B15: Анализ 65 | C15: Изкоп с дълб. до 2м. ръчно - 30% от машинния | D15: м3 | E15: 20.70981 | F15: ='Ед. Цени'!F85 -> 24.35 | G15: =ROUND((E15*F15),2) -> 504.28
A16: 5 | B16: анализ 5 | C16: Прехвърляне на изкопана земна маса на 2,00 м вертикално и хоризонтално | D16: м3 | E16: 20.70981 | F16: ='Ед. Цени'!F25 -> 12.47 | G16: =ROUND((E16*F16),2) -> 258.25
A17: 6 | B17: анализ 6 | C17: Натоварване излишната пръст с багер на самосвал | D17: м3 | E17: 69.0327 | F17: ='Ед. Цени'!F26 -> 2.79 | G17: =ROUND((E17*F17),2) -> 192.6
A18: 7 | B18: анализ 7 | C18: Разриване с булдозер на земни маси | D18: м3 | E18: 69.0327 | F18: ='Ед. Цени'!F27 -> 1.98 | G18: =ROUND((E18*F18),2) -> 136.68
A19: 8 | B19: анализ 8 | C19: Превоз на земни маси със самосвал до 5км. | D19: м3 | E19: 69.0327 | F19: ='Ед. Цени'!F28 -> 2.79 | G19: =ROUND((E19*F19),2) -> 192.6
A20: 9 | B20: анализ 9 | C20: Неплътно укрепване и разкрепване на изкопи | D20: м2 | E20: 125.514 | F20: ='Ед. Цени'!F29 -> 2.42 | G20: =ROUND((E20*F20),2) -> 303.74
A21: 10 | B21: анализ 10 | C21: Доставка на пясък със самосвал на 10км. | D21: м3 | E21: 20.185 | F21: ='Ед. Цени'!F30 -> 19.04 | G21: =ROUND((E21*F21),2) -> 384.32
A22: 11 | B22: анализ 11 | C22: Превоз с ръчни колички на пясък на 50м | D22: м3 | E22: 20.185 | F22: ='Ед. Цени'!F31 -> 6.14 | G22: =ROUND((E22*F22),2) -> 123.94
A23: 12 | B23: анализ 12 | C23: Подложка от пясък 10см. | D23: м3 | E23: 4.037 | F23: ='Ед. Цени'!F32 -> 8.17 | G23: =ROUND((E23*F23),2) -> 32.98
A24: 13 | B24: анализ 13 | C24: Засипване на тръби с пясък - 40см. | D24: м3 | E24: 16.148 | F24: ='Ед. Цени'!F33 -> 4.75 | G24: =ROUND((E24*F24),2) -> 76.7
A25: 14 | B25: анализ 14 | C25: Уплътняване на пясък с пневматична трамбовка | D25: м3 | E25: 20.185 | F25: ='Ед. Цени'!F34 -> 3.66 | G25: =ROUND((E25*F25),2) -> 73.88
A26: 15 | B26: анализ 15 | C26: Доставка на нестандартна скална маса от кариера на 5км | D26: м3 | E26: 32.6997 | F26: ='Ед. Цени'!F35 -> 17.82 | G26: =ROUND((E26*F26),2) -> 582.71
A27: 16 | B27: анализ 16 | C27: Превоз с ръчни колички на скална маса на 50м | D27: м3 | E27: 32.6997 | F27: ='Ед. Цени'!F36 -> 6.14 | G27: =ROUND((E27*F27),2) -> 200.78
... A33: 22 | B33: анализ 22 | C33: Полагане ПЕВП тръби ø125мм. | D33: л.м. | E33: 29.7 | F33: ='Ед. Цени'!F42 -> 30.97 | G33: =ROUND((E33*F33),2) -> 919.81
A34: 23 | B34: анализ 24 | C34: Полагане ПЕВП тръби ø32мм. | D34: л.м. | E34: 7 | F34: ='Ед. Цени'!F44 -> 7.79 | G34: =ROUND((E34*F34),2) -> 54.53
A35: 24 | B35: анализ 26 | C35: ВС ф125/1" | D35: бр. | E35: 1 | F35: ='Ед. Цени'!F46 -> 72.23 | G35: =ROUND((E35*F35),2) -> 72.23
A36: 25 | B36: анализ 25 | C36: БОБ | D36: бр. | E36: 4 | F36: ='Ед. Цени'!F45 -> 14.87 | G36: =ROUND((E36*F36),2) -> 59.48
A37: 26 | B37: Анализ 68 | C37: Дъга ф125/15 | D37: бр. | E37: 1 | F37: ='Ед. Цени'!F86 -> 49.94 | G37: =ROUND((E37*F37),2) -> 49.94
A38: 27 | B38: Анализ 69 | C38: Заварка ф110 | D38: бр. | E38: 3 | F38: ='Ед. Цени'!F89 -> 16.19 | G38: =ROUND((E38*F38),2) -> 48.57
A39: 28 | B39: анализ 28 | C39: Заварка ф125 | D39: бр. | E39: 6.475 | F39: ='Ед. Цени'!F48 -> 18.67 | G39: =ROUND((E39*F39),2) -> 120.89
A40: 29 | B40: анализ 30 | C40: Ко ф32/1" | D40: бр. | E40: 1 | F40: ='Ед. Цени'!F50 -> 15.9 | G40: =ROUND((E40*F40),2) -> 15.9
A41: 30 | B41: Анализ 70 | C41: Коляно ф125/60 | D41: бр. | E41: 2 | F41: ='Ед. Цени'!F90 -> 52.01 | G41: =ROUND((E41*F41),2) -> 104.02
A42: 31 | B42: Анализ 71 | C42: Намалител ф125/ф110 | D42: бр. | E42: 1 | F42: ='Ед. Цени'!F91 -> 39.91 | G42: =ROUND((E42*F42),2) -> 39.91
A43: 32 | B43: анализ 31 | C43: ПМ ф32/1" | D43: бр. | E43: 1 | F43: ='Ед. Цени'!F51 -> 18.32 | G43: =ROUND((E43*F43),2) -> 18.32
A44: 33 | B44: Анализ 72 | C44: Преход Фл. ф125/ф125 | D44: бр. | E44: 2 | F44: ='Ед. Цени'!F92 -> 51.5 | G44: =ROUND((E44*F44),2) -> 103
A45: 34 | B45: Анализ 73 | C45: СК ф125 с охр. гарн. | D45: бр. | E45: 1 | F45: ='Ед. Цени'!F93 -> 167.64 | G45: =ROUND((E45*F45),2) -> 167.64
A46: 35 | B46: Анализ 74 | C46: Т ф110/ф110 | D46: бр. | E46: 1 | F46: ='Ед. Цени'!F94 -> 58.5 | G46: =ROUND((E46*F46),2) -> 58.5
A47: 36 | B47: анализ 37 | C47: ТСК ф1" | D47: бр. | E47: 1 | F47: ='Ед. Цени'!F57 -> 132.99 | G47: =ROUND((E47*F47),2) -> 132.99
A48: 37 | B48: Анализ 75 | C48: Св. Фл. ф125 | D48: бр. | E48: 2 | F48: ='Ед. Цени'!F95 -> 47.92 | G48: =ROUND((E48*F48),2) -> 95.84
A49: 38 | B49: Анализ 76 | C49: ФС Ф125 | D49: бр. | E49: 2 | F49: ='Ед. Цени'!F96 -> 47.92 | G49: =ROUND((E49*F49),2) -> 95.84
A50: 39 | B50: анализ 39 | C50: Хидравлично изпитване на водопровод | D50: л.м. | E50: 36.7 | F50: ='Ед. Цени'!F59 -> 1.78 | G50: =ROUND((E50*F50),2) -> 65.33
A51: 40 | B51: анализ 40 | C51: Дезинфекция на водопровод | D51: л.м. | E51: 36.7 | F51: ='Ед. Цени'!F60 -> 1.61 | G51: =ROUND((E51*F51),2) -> 59.09
A52: 41 | B52: анализ 41 | C52: Укрепване на гърне за СК | D52: бр. | E52: 2 | F52: ='Ед. Цени'!F61 -> 10.45 | G52: =ROUND((E52*F52),2) -> 20.9
A53: 42 | B53: анализ 42 | C53: Доставка и монтаж на табели за СК | D53: бр. | E53: 1 | F53: ='Ед. Цени'!F62 -> 18.52 | G53: =ROUND((E53*F53),2) -> 18.52
A54: 43 | B54: анализ 44 | C54: Демонтаж и възстановяване на улични бордюри за СВО и ПХ | D54: л.м. | E54: 2 | F54: ='Ед. Цени'!F64 -> 8.95 | G54: =ROUND((E54*F54),2) -> 17.9
A55: 44 | B55: анализ 45 | C55: Доставка, полагане и валиране каменна фракция 35/75 с Н=40см | D55: м3 | E55: 20.552 | F55: ='Ед. Цени'!F65 -> 18.94 | G55: =ROUND((E55*F55),2) -> 389.25
A56: 45 | B56: анализ 46 | C56: Битумна разливка | D56: м2 | E56: 51.38 | F56: ='Ед. Цени'!F66 -> 1.77 | G56: =ROUND((E56*F56),2) -> 90.94
A57: 46 | B57: анализ 47 | C57: Доставка и полагане на неплътен асфалт 5 см | D57: тон | E57: 6.1656 | F57: ='Ед. Цени'!F67 -> 125.37 | G57: =ROUND((E57*F57),2) -> 772.98
A58: 47 | B58: анализ 48 | C58: Доставка и монтажна сигнална лента над водопровода | D58: л.м. | E58: 36.7 | F58: ='Ед. Цени'!F68 -> 0.92 | G58: =ROUND((E58*F58),2) -> 33.76
A59: 48 | B59: анализ 49 | C59: Доставка и монтажна детекторна лента над водопровода | D59: л.м. | E59: 36.7 | F59: ='Ед. Цени'!F69 -> 1.41 | G59: =ROUND((E59*F59),2) -> 51.75
C60: Общо за част Водоснабдяване: | G60: =SUM(G12:G59) -> 7794.46
A61: II. ЧАСТ ВЪЗСТАНОВЯВАНЕ НА НАСТИЛКАТА
A62: 1 | B62: анализ 50 | C62: Изкоп на земни почви с багер на транспорт | D62: м3 | E62: 6.09 | F62: ='Ед. Цени'!F70 -> 7.8 | G62: =ROUND((E62*F62),2) -> 47.5
A63: 2 | B63: анализ 51 | C63: Изкоп ръчен в земни почви | D63: м3 | E63: 2.61 | F63: ='Ед. Цени'!F71 -> 16.63 | G63: =ROUND((E63*F63),2) -> 43.4
A64: 3 | B64: анализ 52 | C64: Почистване на реголи и настилки от кал | D64: м2 | E64: 14.4 | F64: ='Ед. Цени'!F72 -> 6.09 | G64: =ROUND((E64*F64),2) -> 87.7
A65: 4 | B65: анализ 53 | C65: Натоварване разк. земна почва на транспорт с багер | D65: м3 | E65: 3.13 | F65: ='Ед. Цени'!F73 -> 1.64 | G65: =ROUND((E65*F65),2) -> 5.13
A66: 5 | B66: анализ 54 | C66: Извозване на депо земни почви до 10 км | D66: м3 | E66: 9 | F66: ='Ед. Цени'!F74 -> 8.54 | G66: =ROUND((E66*F66),2) -> 76.86
A67: 6 | B67: анализ 7 | C67: Разриване с булдозер на земни маси | D67: м3 | E67: 9 | F67: ='Ед. Цени'!F27 -> 1.98 | G67: =ROUND((E67*F67),2) -> 17.82
A68: 7 | B68: анализ 55 | C68: Фрезоване на асфалт | D68: м2 | E68: 150 | F68: ='Ед. Цени'!F75 -> 1.78 | G68: =ROUND((E68*F68),2) -> 267
A69: 8 | B69: анализ 56 | C69: Натоварване на отпадъци на транспорт с багер | D69: м3 | E69: 7.2 | F69: ='Ед. Цени'!F76 -> 1.78 | G69: =ROUND((E69*F69),2) -> 12.82
A70: 9 | B70: анализ 57 | C70: Извозване на асфалтови отпадъци на 80 км | D70: т | E70: 10.5 | F70: ='Ед. Цени'!F77 -> 21.54 | G70: =ROUND((E70*F70),2) -> 226.17
A71: 10 | B71: анализ 58 | C71: Демонтаж бордюри | D71: м | E71: 30 | F71: ='Ед. Цени'!F78 -> 6.93 | G71: =ROUND((E71*F71),2) -> 207.9
A72: 11 | B72: анализ 59 | C72: Доставка и монтаж на бетонови бордюри 15/25/50 | D72: м | E72: 30 | F72: ='Ед. Цени'!F79 -> 27.54 | G72: =ROUND((E72*F72),2) -> 826.2
A73: 12 | B73: анализ 60 | C73: Разкъртване на стара трош. настилка | D73: м2 | E73: 16.8 | F73: ='Ед. Цени'!F80 -> 7.88 | G73: =ROUND((E73*F73),2) -> 132.38
A74: 13 | B74: анализ 61 | C74: Изкърпване на трошенокаменна настилка - деб. 0.35 м | D74: м2 | E74: 16.8 | F74: ='Ед. Цени'!F81 -> 14.48 | G74: =ROUND((E74*F74),2) -> 243.26
A75: 14 | B75: анализ 62 | C75: Изкърпване на трошенокаменна настилка деб. до - 0.10 м | D75: м2 | E75: 136.5 | F75: ='Ед. Цени'!F82 -> 11.72 | G75: =ROUND((E75*F75),2) -> 1599.78
A76: 15 | B76: анализ 63 | C76: Почистване и грундиране настилки | D76: м2 | E76: 180 | F76: ='Ед. Цени'!F83 -> 1.89 | G76: =ROUND((E76*F76),2) -> 340.2
A77: 16 | B77: анализ 64 | C77: Машинно полагане на плътна асфалтова смес - 5 см. | D77: т | E77: 21.6 | F77: ='Ед. Цени'!F84 -> 134.12 | G77: =ROUND((E77*F77),2) -> 2896.99
C79: Общо за част Възстановяване на настилката: | G79: =SUM(G62:G77) -> 7031.11
C80: ВСИЧКО СМР: | G80: =SUM(G60+G79) -> 14825.57
C81: ДДС 20 %0 ЧАСТ ПЪТНА: | G81: =+G79*0.2 -> 1406.222
C82: ОБЩО СМР: | G82: =+G81+G80 -> 16231.792

Sheet кл.I.6
A1: Обект: Реконструкция на компрометирани участъци от водопроводната мрежа в с.Апарухово, Общ.Дългопол- етап 2
A2: Възложител: Община Дългопол
A4: KОЛИЧЕСТВЕНО- СТОЙНОСТНА СМЕТКА- клон I.6 /о.т. 126 до о.т.127/
A7: № | C7: Вид СМР | D7: М-ка | E7: Количество | F7: Ед. цена | G7: Стойност
A10: 1 | C10: 2 | D10: 3 | E10: 4 | F10: 5 | G10: 6
A11: I. ЧАСТ ВОДОСНАБДЯВАНЕ
A12: 1 | B12: анализ 1 | C12: Рязане с фугорез на асфалтова настилка | D12: л.м. | E12: 244 | F12: ='Ед. Цени'!F21 -> 3.53 | G12: =ROUND((E12*F12),2) -> 861.32
A13: 2 | B13: анализ 2 | C13: Разваляне асфалтова настилка | D13: м2 | E13: 170.8 | F13: ='Ед. Цени'!F22 -> 6.89 | G13: =ROUND((E13*F13),2) -> 1176.81
A14: 3 | B14: анализ 3 | C14: Изкоп с багер на отвал ЗП неукрепен - спада се от т.4 | D14: м3 | E14: 160.6374 | F14: ='Ед. Цени'!F23 -> 5.5 | G14: =ROUND((E14*F14),2) -> 883.51
A15: 4 | B15: Анализ 65 | C15: Изкоп с дълб. до 2м. ръчно - 30% от машинния | D15: м3 | E15: 68.8446 | F15: ='Ед. Цени'!F85 -> 24.35 | G15: =ROUND((E15*F15),2) -> 1676.37
A16: 5 | B16: анализ 5 | C16: Прехвърляне на изкопана земна маса на 2,00 м вертикално и хоризонтално | D16: м3 | E16: 68.8446 | F16: ='Ед. Цени'!F25 -> 12.47 | G16: =ROUND((E16*F16),2) -> 858.49
A17: 6 | B17: анализ 6 | C17: Натоварване излишната пръст с багер на самосвал | D17: м3 | E17: 229.482 | F17: ='Ед. Цени'!F26 -> 2.79 | G17: =ROUND((E17*F17),2) -> 640.25
A18: 7 | B18: анализ 7 | C18: Разриване с булдозер на земни маси | D18: м3 | E18: 229.482 | F18: ='Ед. Цени'!F27 -> 1.98 | G18: =ROUND((E18*F18),2) -> 454.37
A19: 8 | B19: анализ 8 | C19: Превоз на земни маси със самосвал до 5км. | D19: м3 | E19: 229.482 | F19: ='Ед. Цени'!F28 -> 2.79 | G19: =ROUND((E19*F19),2) -> 640.25
A20: 9 | B20: анализ 9 | C20: Неплътно укрепване и разкрепване на изкопи | D20: м2 | E20: 417.24 | F20: ='Ед. Цени'!F29 -> 2.42 | G20: =ROUND((E20*F20),2) -> 1009.72
A21: 10 | B21: анализ 10 | C21: Доставка на пясък със самосвал на 10км. | D21: м3 | E21: 67.1 | F21: ='Ед. Цени'!F30 -> 19.04 | G21: =ROUND((E21*F21),2) -> 1277.58
A22: 11 | B22: анализ 11 | C22: Превоз с ръчни колички на пясък на 50м | D22: м3 | E22: 67.1 | F22: ='Ед. Цени'!F31 -> 6.14 | G22: =ROUND((E22*F22),2) -> 411.99
A23: 12 | B23: анализ 12 | C23: Подложка от пясък 10см. | D23: м3 | E23: 13.42 | F23: ='Ед. Цени'!F32 -> 8.17 | G23: =ROUND((E23*F23),2) -> 109.64
A24: 13 | B24: анализ 13 | C24: Засипване на тръби с пясък - 40см. | D24: м3 | E24: 53.68 | F24: ='Ед. Цени'!F33 -> 4.75 | G24: =ROUND((E24*F24),2) -> 254.98
A25: 14 | B25: анализ 14 | C25: Уплътняване на пясък с пневматична трамбовка | D25: м3 | E25: 67.1 | F25: ='Ед. Цени'!F34 -> 3.66 | G25: =ROUND((E25*F25),2) -> 245.59
A26: 15 | B26: анализ 15 | C26: Доставка на нестандартна скална маса от кариера на 5км | D26: м3 | E26: 108.702 | F26: ='Ед. Цени'!F35 -> 17.82 | G26: =ROUND((E26*F26),2) -> 1937.07
A27: 16 | B27: анализ 16 | C27: Превоз с ръчни колички на скална маса на 50м | D27: м3 | E27: 108.702 | F27: ='Ед. Цени'!F36 -> 6.14 | G27: =ROUND((E27*F27),2) -> 667.43
... A32: 21 | B32: анализ 21 | C32: Извозване асфалтови отпадъци със самосвал до 5км. | D32: м3 | E32: 17.08 | F32: ='Ед. Цени'!F41 -> 2.3 | G32: =ROUND((E32*F32),2) -> 39.28
A33: 22 | B33: Анализ 77 | C33: Полагане ПЕВП тръби ø110мм. | D33: л.м. | E33: 108 | F33: ='Ед. Цени'!F97 -> 27.46 | G33: =ROUND((E33*F33),2) -> 2965.68
A34: 24 | B34: анализ 24 | C34: Полагане ПЕВП тръби ø32мм. | D34: л.м. | E34: 14 | F34: ='Ед. Цени'!F44 -> 7.79 | G34: =ROUND((E34*F34),2) -> 109.06
A35: 25 | B35: анализ 25 | C35: БОБ | D35: бр. | E35: 1 | F35: ='Ед. Цени'!F45 -> 14.87 | G35: =ROUND((E35*F35),2) -> 14.87
A36: 26 | B36: Анализ 78 | C36: ВС ф110/1" | D36: бр. | E36: 2 | F36: ='Ед. Цени'!F98 -> 64.97 | G36: =ROUND((E36*F36),2) -> 129.94
A37: 27 | B37: Анализ 69 | C37: Заварка ф110 | D37: бр. | E37: 12 | F37: ='Ед. Цени'!F89 -> 16.19 | G37: =ROUND((E37*F37),2) -> 194.28
A38: 28 | B38: анализ 30 | C38: Ко ф32/1" | D38: бр. | E38: 2 | F38: ='Ед. Цени'!F50 -> 15.9 | G38: =ROUND((E38*F38),2) -> 31.8
A39: 29 | B39: анализ 31 | C39: ПМ ф32/1" | D39: бр. | E39: 2 | F39: ='Ед. Цени'!F51 -> 18.32 | G39: =ROUND((E39*F39),2) -> 36.64
A40: 30 | B40: Анализ 74 | C40: Т ф110/ф110 | D40: бр. | E40: 1 | F40: ='Ед. Цени'!F94 -> 58.5 | G40: =ROUND((E40*F40),2) -> 58.5
A41: 31 | B41: анализ 37 | C41: ТСК ф1" | D41: бр. | E41: 2 | F41: ='Ед. Цени'!F57 -> 132.99 | G41: =ROUND((E41*F41),2) -> 265.98
A42: 32 | B42: анализ 39 | C42: Хидравлично изпитване на водопровод | D42: л.м. | E42: 122 | F42: ='Ед. Цени'!F59 -> 1.78 | G42: =ROUND((E42*F42),2) -> 217.16
A43: 33 | B43: анализ 40 | C43: Дезинфекция на водопровод | D43: л.м. | E43: 122 | F43: ='Ед. Цени'!F60 -> 1.61 | G43: =ROUND((E43*F43),2) -> 196.42
A44: 34 | B44: анализ 41 | C44: Укрепване на гърне за СК | D44: бр. | E44: 2 | F44: ='Ед. Цени'!F61 -> 10.45 | G44: =ROUND((E44*F44),2) -> 20.9
A45: 35 | B45: анализ 42 | C45: Доставка и монтаж на табели за СК | D45: бр. | E45: 0 | F45: ='Ед. Цени'!F62 -> 18.52 | G45: =ROUND((E45*F45),2) -> 0
A46: 36 | B46: анализ 44 | C46: Демонтаж и възстановяване на улични бордюри за СВО и ПХ | D46: л.м. | E46: 4 | F46: ='Ед. Цени'!F64 -> 8.95 | G46: =ROUND((E46*F46),2) -> 35.8
A47: 37 | B47: Анализ 67 | C47: Демонтаж и възстановяване на тротоарни плочки за СВО и ПХ | D47: м2 | E47: 4 | F47: ='Ед. Цени'!F87 -> 13.08 | G47: =ROUND((E47*F47),2) -> 52.32
A48: 38 | B48: анализ 45 | C48: Доставка, полагане и валиране каменна фракция 35/75 с Н=40см | D48: м3 | E48: 68.32 | F48: ='Ед. Цени'!F65 -> 18.94 | G48: =ROUND((E48*F48),2) -> 1293.98
A49: 39 | B49: анализ 46 | C49: Битумна разливка | D49: м2 | E49: 170.8 | F49: ='Ед. Цени'!F66 -> 1.77 | G49: =ROUND((E49*F49),2) -> 302.32
A50: 40 | B50: анализ 47 | C50: Доставка и полагане на неплътен асфалт 5 см | D50: тон | E50: 20.496 | F50: ='Ед. Цени'!F67 -> 125.37 | G50: =ROUND((E50*F50),2) -> 2569.58
A51: 41 | B51: анализ 48 | C51: Доставка и монтажна сигнална лента над водопровода | D51: л.м. | E51: 122 | F51: ='Ед. Цени'!F68 -> 0.92 | G51: =ROUND((E51*F51),2) -> 112.24
A52: 42 | B52: анализ 49 | C52: Доставка и монтажна детекторна лента над водопровода | D52: л.м. | E52: 122 | F52: ='Ед. Цени'!F69 -> 1.41 | G52: =ROUND((E52*F52),2) -> 172.02
C53: Общо за част Водоснабдяване: | G53: =SUM(G12:G52) -> 22464.18
A54: II. ЧАСТ ВЪЗСТАНОВЯВАНЕ НА НАСТИЛКАТА
A55: 1 | B55: анализ 50 | C55: Изкоп на земни почви с багер на транспорт | D55: м3 | E55: 21.92 | F55: ='Ед. Цени'!F70 -> 7.8 | G55: =ROUND((E55*F55),2) -> 170.98
A56: 2 | B56: анализ 51 | C56: Изкоп ръчен в земни почви | D56: м3 | E56: 9.4 | F56: ='Ед. Цени'!F71 -> 16.63 | G56: =ROUND((E56*F56),2) -> 156.32
A57: 3 | B57: анализ 52 | C57: Почистване на реголи и настилки от кал | D57: м2 | E57: 51.84 | F57: ='Ед. Цени'!F72 -> 6.09 | G57: =ROUND((E57*F57),2) -> 315.71
A58: 4 | B58: анализ 53 | C58: Натоварване разк. земна почва на транспорт с багер | D58: м3 | E58: 11.28 | F58: ='Ед. Цени'!F73 -> 1.64 | G58: =ROUND((E58*F58),2) -> 18.5
A59: 5 | B59: анализ 54 | C59: Извозване на депо земни почви до 10 км | D59: м3 | E59: 32.4 | F59: ='Ед. Цени'!F74 -> 8.54 | G59: =ROUND((E59*F59),2) -> 276.7
A60: 6 | B60: анализ 7 | C60: Разриване с булдозер на земни маси | D60: м3 | E60: 32.4 | F60: ='Ед. Цени'!F27 -> 1.98 | G60: =ROUND((E60*F60),2) -> 64.15
A61: 7 | B61: анализ 55 | C61: Фрезоване на асфалт | D61: м2 | E61: 1188 | F61: ='Ед. Цени'!F75 -> 1.78 | G61: =ROUND((E61*F61),2) -> 2114.64
A62: 8 | B62: анализ 56 | C62: Натоварване на отпадъци на транспорт с багер | D62: м3 | E62: 25.92 | F62: ='Ед. Цени'!F76 -> 1.78 | G62: =ROUND((E62*F62),2) -> 46.14
A63: 9 | B63: анализ 57 | C63: Извозване на асфалтови отпадъци на 80 км | D63: т | E63: 37.8 | F63: ='Ед. Цени'!F77 -> 21.54 | G63: =ROUND((E63*F63),2) -> 814.21
A64: 10 | B64: анализ 58 | C64: Демонтаж бордюри | D64: м | E64: 90 | F64: ='Ед. Цени'!F78 -> 6.93 | G64: =ROUND((E64*F64),2) -> 623.7
A65: 11 | B65: анализ 59 | C65: Доставка и монтаж на бетонови бордюри 15/25/50 | D65: м | E65: 90 | F65: ='Ед. Цени'!F79 -> 27.54 | G65: =ROUND((E65*F65),2) -> 2478.6
A66: 12 | B66: анализ 60 | C66: Разкъртване на стара трош. настилка | D66: м2 | E66: 60.48 | F66: ='Ед. Цени'!F80 -> 7.88 | G66: =ROUND((E66*F66),2) -> 476.58
A67: 13 | B67: анализ 61 | C67: Изкърпване на трошенокаменна настилка - деб. 0.35 м | D67: м2 | E67: 60.48 | F67: ='Ед. Цени'!F81 -> 14.48 | G67: =ROUND((E67*F67),2) -> 875.75
A68: 14 | B68: анализ 62 | C68: Изкърпване на трошенокаменна настилка деб. до - 0.10 м | D68: м2 | E68: 491.4 | F68: ='Ед. Цени'!F82 -> 11.72 | G68: =ROUND((E68*F68),2) -> 5759.21
A69: 15 | B69: анализ 63 | C69: Почистване и грундиране настилки | D69: м2 | E69: 1296 | F69: ='Ед. Цени'!F83 -> 1.89 | G69: =ROUND((E69*F69),2) -> 2449.44
A70: 16 | B70: анализ 64 | C70: Машинно полагане на плътна асфалтова смес - 5 см. | D70: т | E70: 155.52 | F70: ='Ед. Цени'!F84 -> 134.12 | G70: =ROUND((E70*F70),2) -> 20858.34
C72: Общо за част Възстановяване на настилката: | G72: =SUM(G55:G70) -> 37498.97
C73: ВСИЧКО СМР: | G73: =SUM(G53+G72) -> 59963.15
C74: ДДС 20 %0 ЧАСТ ПЪТНА: | G74: =+G72*0.2 -> 7499.794
C75: ОБЩО СМР: | G75: =+G74+G73 -> 67462.944

Sheet кл.I.7
A1: Обект: Реконструкция на компрометирани участъци от водопроводната мрежа в с.Апарухово, Общ.Дългопол- етап 2
A2: Възложител: Община Дългопол
A4: KОЛИЧЕСТВЕНО- СТОЙНОСТНА СМЕТКА - клон I.7 /о.т. 127 до о.т.82/
A7: № | C7: Вид СМР | D7: М-ка | E7: Количество | F7: Ед. цена | G7: Стойност
A10: 1 | C10: 2 | D10: 3 | E10: 4 | F10: 5 | G10: 6
A11: I. ЧАСТ ВОДОСНАБДЯВАНЕ
A12: 1 | B12: анализ 1 | C12: Рязане с фугорез на асфалтова настилка | D12: л.м. | E12: 50.8 | F12: ='Ед. Цени'!F21 -> 3.53 | G12: =ROUND((E12*F12),2) -> 179.32
A13: 2 | B13: анализ 2 | C13: Разваляне асфалтова настилка | D13: м2 | E13: 35.56 | F13: ='Ед. Цени'!F22 -> 6.89 | G13: =ROUND((E13*F13),2) -> 245.01
A14: 3 | B14: анализ 3 | C14: Изкоп с багер на отвал ЗП неукрепен - спада се от т.4 | D14: м3 | E14: 33.44418 | F14: ='Ед. Цени'!F23 -> 5.5 | G14: =ROUND((E14*F14),2) -> 183.94
A15: 4 | B15: Анализ 65 | C15: Изкоп с дълб. до 2м. ръчно - 30% от машинния | D15: м3 | E15: 14.33322 | F15: ='Ед. Цени'!F85 -> 24.35 | G15: =ROUND((E15*F15),2) -> 349.01
A16: 5 | B16: анализ 5 | C16: Прехвърляне на изкопана земна маса на 2,00 м вертикално и хоризонтално | D16: м3 | E16: 14.33322 | F16: ='Ед. Цени'!F25 -> 12.47 | G16: =ROUND((E16*F16),2) -> 178.74
A17: 6 | B17: анализ 6 | C17: Натоварване излишната пръст с багер на самосвал | D17: м3 | E17: 47.7774 | F17: ='Ед. Цени'!F26 -> 2.79 | G17: =ROUND((E17*F17),2) -> 133.3
A18: 7 | B18: анализ 7 | C18: Разриване с булдозер на земни маси | D18: м3 | E18: 47.7774 | F18: ='Ед. Цени'!F27 -> 1.98 | G18: =ROUND((E18*F18),2) -> 94.6
A19: 8 | B19: анализ 8 | C19: Превоз на земни маси със самосвал до 5км. | D19: м3 | E19: 47.7774 | F19: ='Ед. Цени'!F28 -> 2.79 | G19: =ROUND((E19*F19),2) -> 133.3
A20: 9 | B20: анализ 9 | C20: Неплътно укрепване и разкрепване на изкопи | D20: м2 | E20: 86.868 | F20: ='Ед. Цени'!F29 -> 2.42 | G20: =ROUND((E20*F20),2) -> 210.22
A21: 10 | B21: анализ 10 | C21: Доставка на пясък със самосвал на 10км. | D21: м3 | E21: 13.97 | F21: ='Ед. Цени'!F30 -> 19.04 | G21: =ROUND((E21*F21),2) -> 265.99
A22: 11 | B22: анализ 11 | C22: Превоз с ръчни колички на пясък на 50м | D22: м3 | E22: 13.97 | F22: ='Ед. Цени'!F31 -> 6.14 | G22: =ROUND((E22*F22),2) -> 85.78
A23: 12 | B23: анализ 12 | C23: Подложка от пясък 10см. | D23: м3 | E23: 2.794 | F23: ='Ед. Цени'!F32 -> 8.17 | G23: =ROUND((E23*F23),2) -> 22.83
A24: 13 | B24: анализ 13 | C24: Засипване на тръби с пясък - 40см. | D24: м3 | E24: 11.176 | F24: ='Ед. Цени'!F33 -> 4.75 | G24: =ROUND((E24*F24),2) -> 53.09
A25: 14 | B25: анализ 14 | C25: Уплътняване на пясък с пневматична трамбовка | D25: м3 | E25: 13.97 | F25: ='Ед. Цени'!F34 -> 3.66 | G25: =ROUND((E25*F25),2) -> 51.13
A26: 15 | B26: анализ 15 | C26: Доставка на нестандартна скална маса от кариера на 5км | D26: м3 | E26: 16.4338 | F26: ='Ед. Цени'!F35 -> 17.82 | G26: =ROUND((E26*F26),2) -> 292.85
A27: 16 | B27: анализ 16 | C27: Превоз с ръчни колички на скална маса на 50м | D27: м3 | E27: 16.4338 | F27: ='Ед. Цени'!F36 -> 6.14 | G27: =ROUND((E27*F27),2) -> 100.9
... A32: 21 | B32: анализ 21 | C32: Извозване асфалтови отпадъци със самосвал до 5км. | D32: м3 | E32: 3.556 | F32: ='Ед. Цени'!F41 -> 2.3 | G32: =ROUND((E32*F32),2) -> 8.18
A33: 22 | B33: Анализ 77 | C33: Полагане ПЕВП тръби ø110мм. | D33: л.м. | E33: 25.4 | F33: ='Ед. Цени'!F97 -> 27.46 | G33: =ROUND((E33*F33),2) -> 697.48
A34: 23 | B34: Анализ 79 | C34: Коляно ф110/90 | D34: бр. | E34: 1 | F34: ='Ед. Цени'!F99 -> 47.17 | G34: =ROUND((E34*F34),2) -> 47.17
A35: 24 | B35: Анализ 80 | C35: ТН ф110/ф90 | D35: бр. | E35: 1 | F35: ='Ед. Цени'!F100 -> 62.13 | G35: =ROUND((E35*F35),2) -> 62.13
A36: 25 | B36: Анализ 69 | C36: Заварка ф110 | D36: бр. | E36: 5.1166667 | F36: ='Ед. Цени'!F89 -> 16.19 | G36: =ROUND((E36*F36),2) -> 82.84
A37: 26 | B37: анализ 25 | C37: БОБ | D37: бр. | E37: 2 | F37: ='Ед. Цени'!F45 -> 14.87 | G37: =ROUND((E37*F37),2) -> 29.74
A38: 27 | B38: анализ 39 | C38: Хидравлично изпитване на водопровод | D38: л.м. | E38: 25.4 | F38: ='Ед. Цени'!F59 -> 1.78 | G38: =ROUND((E38*F38),2) -> 45.21
A39: 28 | B39: анализ 40 | C39: Дезинфекция на водопровод | D39: л.м. | E39: 25.4 | F39: ='Ед. Цени'!F60 -> 1.61 | G39: =ROUND((E39*F39),2) -> 40.89
A40: 29 | B40: анализ 45 | C40: Доставка, полагане и валиране каменна фракция 35/75 с Н=40см | D40: м3 | E40: 14.224 | F40: ='Ед. Цени'!F65 -> 18.94 | G40: =ROUND((E40*F40),2) -> 269.4
A41: 30 | B41: анализ 46 | C41: Битумна разливка | D41: м2 | E41: 35.56 | F41: ='Ед. Цени'!F66 -> 1.77 | G41: =ROUND((E41*F41),2) -> 62.94
A42: 31 | B42: Анализ 81 | C42: Доставка и полагане на неуплътен асфалт 5 см | D42: тон | E42: 4.2672 | F42: ='Ед. Цени'!F101 -> 125.37 | G42: =ROUND((E42*F42),2) -> 534.98
A43: 32 | B43: анализ 48 | C43: Доставка и монтажна сигнална лента над водопровода | D43: л.м. | E43: 25.4 | F43: ='Ед. Цени'!F68 -> 0.92 | G43: =ROUND((E43*F43),2) -> 23.37
A44: 33 | B44: анализ 49 | C44: Доставка и монтажна детекторна лента над водопровода | D44: л.м. | E44: 25.4 | F44: ='Ед. Цени'!F69 -> 1.41 | G44: =ROUND((E44*F44),2) -> 35.81
C45: Общо за част Водоснабдяване: | G45: =SUM(G12:G44) -> 4613.07
A46: II. ЧАСТ ВЪЗСТАНОВЯВАНЕ НА НАСТИЛКАТА
A47: 1 | B47: анализ 50 | C47: Изкоп на земни почви с багер на транспорт | D47: м3 | E47: 5.08 | F47: ='Ед. Цени'!F70 -> 7.8 | G47: =ROUND((E47*F47),2) -> 39.62
A48: 2 | B48: анализ 51 | C48: Изкоп ръчен в земни почви | D48: м3 | E48: 2.17 | F48: ='Ед. Цени'!F71 -> 16.63 | G48: =ROUND((E48*F48),2) -> 36.09
A49: 3 | B49: анализ 52 | C49: Почистване на реголи и настилки от кал | D49: м2 | E49: 12 | F49: ='Ед. Цени'!F72 -> 6.09 | G49: =ROUND((E49*F49),2) -> 73.08
A50: 4 | B50: анализ 53 | C50: Натоварване разк. земна почва на транспорт с багер | D50: м3 | E50: 2.6 | F50: ='Ед. Цени'!F73 -> 1.64 | G50: =ROUND((E50*F50),2) -> 4.26
A51: 5 | B51: анализ 54 | C51: Извозване на депо земни почви до 10 км | D51: м3 | E51: 7.5 | F51: ='Ед. Цени'!F74 -> 8.54 | G51: =ROUND((E51*F51),2) -> 64.05
A52: 6 | B52: анализ 7 | C52: Разриване с булдозер на земни маси | D52: м3 | E52: 7.5 | F52: ='Ед. Цени'!F27 -> 1.98 | G52: =ROUND((E52*F52),2) -> 14.85
A53: 7 | B53: анализ 55 | C53: Фрезоване на асфалт | D53: м2 | E53: 125 | F53: ='Ед. Цени'!F75 -> 1.78 | G53: =ROUND((E53*F53),2) -> 222.5
A54: 8 | B54: анализ 56 | C54: Натоварване на отпадъци на транспорт с багер | D54: м3 | E54: 6 | F54: ='Ед. Цени'!F76 -> 1.78 | G54: =ROUND((E54*F54),2) -> 10.68
A55: 9 | B55: анализ 57 | C55: Извозване на асфалтови отпадъци на 80 км | D55: т | E55: 8.75 | F55: ='Ед. Цени'!F77 -> 21.54 | G55: =ROUND((E55*F55),2) -> 188.48
A56: 10 | B56: анализ 58 | C56: Демонтаж бордюри | D56: м | E56: 20 | F56: ='Ед. Цени'!F78 -> 6.93 | G56: =ROUND((E56*F56),2) -> 138.6
A57: 11 | B57: анализ 59 | C57: Доставка и монтаж на бетонови бордюри 15/25/50 | D57: м | E57: 20 | F57: ='Ед. Цени'!F79 -> 27.54 | G57: =ROUND((E57*F57),2) -> 550.8
A58: 12 | B58: анализ 60 | C58: Разкъртване на стара трош. настилка | D58: м2 | E58: 14 | F58: ='Ед. Цени'!F80 -> 7.88 | G58: =ROUND((E58*F58),2) -> 110.32
A59: 13 | B59: анализ 61 | C59: Изкърпване на трошенокаменна настилка - деб. 0.35 м | D59: м2 | E59: 14 | F59: ='Ед. Цени'!F81 -> 14.48 | G59: =ROUND((E59*F59),2) -> 202.72
A60: 14 | B60: анализ 62 | C60: Изкърпване на трошенокаменна настилка деб. до - 0.10 м | D60: м2 | E60: 113.75 | F60: ='Ед. Цени'!F82 -> 11.72 | G60: =ROUND((E60*F60),2) -> 1333.15
A61: 15 | B61: анализ 63 | C61: Почистване и грундиране настилки | D61: м2 | E61: 150 | F61: ='Ед. Цени'!F83 -> 1.89 | G61: =ROUND((E61*F61),2) -> 283.5
A62: 16 | B62: анализ 64 | C62: Машинно полагане на плътна асфалтова смес - 5 см. | D62: т | E62: 18 | F62: ='Ед. Цени'!F84 -> 134.12 | G62: =ROUND((E62*F62),2) -> 2414.16
C64: Общо за част Възстановяване на настилката: | G64: =SUM(G47:G62) -> 5686.86
C65: ВСИЧКО СМР: | G65: =SUM(G45+G64) -> 10299.93
C66: ДДС 20 %0 ЧАСТ ПЪТНА: | G66: =+G64*0.2 -> 1137.372
C67: ОБЩО СМР: | G67: =+G66+G65 -> 11437.302

Sheet кл.I.8
A1: Обект: Реконструкция на компрометирани участъци от водопроводната мрежа в с.Апарухово, Общ.Дългопол- етап 2
A2: Възложител: Община Дългопол
A4: KОЛИЧЕСТВЕНО- СТОЙНОСТНА СМЕТКА - клон I.8 /о.т. 82 до о.т.84/
A7: № | C7: Вид СМР | D7: М-ка | E7: Количество | F7: Ед. цена | G7: Стойност
A10: 1 | C10: 2 | D10: 3 | E10: 4 | F10: 5 | G10: 6
A11: I. ЧАСТ ВОДОСНАБДЯВАНЕ
A12: 1 | B12: анализ 1 | C12: Рязане с фугорез на асфалтова настилка | D12: л.м. | E12: 388.2 | F12: ='Ед. Цени'!F21 -> 3.53 | G12: =ROUND((E12*F12),2) -> 1370.35
A13: 2 | B13: анализ 2 | C13: Разваляне асфалтова настилка | D13: м2 | E13: 271.74 | F13: ='Ед. Цени'!F22 -> 6.89 | G13: =ROUND((E13*F13),2) -> 1872.29
A14: 3 | B14: анализ 3 | C14: Изкоп с багер на отвал ЗП неукрепен - спада се от т.4 | D14: м3 | E14: 255.57147 | F14: ='Ед. Цени'!F23 -> 5.5 | G14: =ROUND((E14*F14),2) -> 1405.64
A15: 4 | B15: Анализ 65 | C15: Изкоп с дълб. до 2м. ръчно - 30% от машинния | D15: м3 | E15: 109.53063 | F15: ='Ед. Цени'!F85 -> 24.35 | G15: =ROUND((E15*F15),2) -> 2667.07
A16: 5 | B16: анализ 5 | C16: Прехвърляне на изкопана земна маса на 2,00 м вертикално и хоризонтално | D16: м3 | E16: 109.53063 | F16: ='Ед. Цени'!F25 -> 12.47 | G16: =ROUND((E16*F16),2) -> 1365.85
A17: 6 | B17: анализ 6 | C17: Натоварване излишната пръст с багер на самосвал | D17: м3 | E17: 365.1021 | F17: ='Ед. Цени'!F26 -> 2.79 | G17: =ROUND((E17*F17),2) -> 1018.63
A18: 7 | B18: анализ 7 | C18: Разриване с булдозер на земни маси | D18: м3 | E18: 365.1021 | F18: ='Ед. Цени'!F27 -> 1.98 | G18: =ROUND((E18*F18),2) -> 722.9
A19: 8 | B19: анализ 8 | C19: Превоз на земни маси със самосвал до 5км. | D19: м3 | E19: 365.1021 | F19: ='Ед. Цени'!F28 -> 2.79 | G19: =ROUND((E19*F19),2) -> 1018.63
A20: 9 | B20: анализ 9 | C20: Неплътно укрепване и разкрепване на изкопи | D20: м2 | E20: 663.822 | F20: ='Ед. Цени'!F29 -> 2.42 | G20: =ROUND((E20*F20),2) -> 1606.45
A21: 10 | B21: анализ 10 | C21: Доставка на пясък със самосвал на 10км. | D21: м3 | E21: 106.755 | F21: ='Ед. Цени'!F30 -> 19.04 | G21: =ROUND((E21*F21),2) -> 2032.62
A22: 11 | B22: анализ 11 | C22: Превоз с ръчни колички на пясък на 50м | D22: м3 | E22: 106.755 | F22: ='Ед. Цени'!F31 -> 6.14 | G22: =ROUND((E22*F22),2) -> 655.48
A23: 12 | B23: анализ 12 | C23: Подложка от пясък 10см. | D23: м3 | E23: 21.351 | F23: ='Ед. Цени'!F32 -> 8.17 | G23: =ROUND((E23*F23),2) -> 174.44
A24: 13 | B24: анализ 13 | C24: Засипване на тръби с пясък - 40см. | D24: м3 | E24: 85.404 | F24: ='Ед. Цени'!F33 -> 4.75 | G24: =ROUND((E24*F24),2) -> 405.67
A25: 14 | B25: анализ 14 | C25: Уплътняване на пясък с пневматична трамбовка | D25: м3 | E25: 106.755 | F25: ='Ед. Цени'!F34 -> 3.66 | G25: =ROUND((E25*F25),2) -> 390.72
A26: 15 | B26: анализ 15 | C26: Доставка на нестандартна скална маса от кариера на 5км | D26: м3 | E26: 172.9431 | F26: ='Ед. Цени'!F35 -> 17.82 | G26: =ROUND((E26*F26),2) -> 3081.85
A27: 16 | B27: анализ 16 | C27: Превоз с ръчни колички на скална маса на 50м | D27: м3 | E27: 172.9431 | F27: ='Ед. Цени'!F36 -> 6.14 | G27: =ROUND((E27*F27),2) -> 1061.87
... A32: 21 | B32: анализ 21 | C32: Извозване асфалтови отпадъци със самосвал до 5км. | D32: м3 | E32: 27.174 | F32: ='Ед. Цени'!F41 -> 2.3 | G32: =ROUND((E32*F32),2) -> 62.5
A33: 22 | B33: Анализ 77 | C33: Полагане ПЕВП тръби ø110мм. | D33: л.м. | E33: 134.4 | F33: ='Ед. Цени'!F97 -> 27.46 | G33: =ROUND((E33*F33),2) -> 3690.62
A34: 23 | B34: анализ 24 | C34: Полагане ПЕВП тръби ø32мм. | D34: л.м. | E34: 59.7 | F34: ='Ед. Цени'!F44 -> 7.79 | G34: =ROUND((E34*F34),2) -> 465.06
A35: 24 | B35: анализ 25 | C35: БОБ | D35: бр. | E35: 2 | F35: ='Ед. Цени'!F45 -> 14.87 | G35: =ROUND((E35*F35),2) -> 29.74
A36: 25 | B36: Анализ 78 | C36: ВС ф110/1" | D36: бр. | E36: 9 | F36: ='Ед. Цени'!F98 -> 64.97 | G36: =ROUND((E36*F36),2) -> 584.73
A37: 26 | B37: Анализ 69 | C37: Заварка ф110 | D37: бр. | E37: 14.2 | F37: ='Ед. Цени'!F89 -> 16.19 | G37: =ROUND((E37*F37),2) -> 229.9
A38: 27 | B38: анализ 29 | C38: Заварка ф90 | D38: бр. | E38: 3 | F38: ='Ед. Цени'!F49 -> 15.4 | G38: =ROUND((E38*F38),2) -> 46.2
A39: 28 | B39: анализ 30 | C39: Ко ф32/1" | D39: бр. | E39: 9 | F39: ='Ед. Цени'!F50 -> 15.9 | G39: =ROUND((E39*F39),2) -> 143.1
A40: 29 | B40: Анализ 82 | C40: Намалител ф110/ф90 | D40: бр. | E40: 1 | F40: ='Ед. Цени'!F102 -> 31.44 | G40: =ROUND((E40*F40),2) -> 31.44
A41: 30 | B41: анализ 31 | C41: ПМ ф32/1" | D41: бр. | E41: 9 | F41: ='Ед. Цени'!F51 -> 18.32 | G41: =ROUND((E41*F41),2) -> 164.88
A42: 31 | B42: Анализ 83 | C42: Преход Фл. ф110/ф100 | D42: бр. | E42: 2 | F42: ='Ед. Цени'!F103 -> 40.61 | G42: =ROUND((E42*F42),2) -> 81.22
A43: 32 | B43: Анализ 84 | C43: СК ф100 с охр. гарн. | D43: бр. | E43: 1 | F43: ='Ед. Цени'!F104 -> 156.75 | G43: =ROUND((E43*F43),2) -> 156.75
A44: 33 | B44: Анализ 85 | C44: Т ф90/ф90 | D44: бр. | E44: 1 | F44: ='Ед. Цени'!F105 -> 53.66 | G44: =ROUND((E44*F44),2) -> 53.66
A45: 34 | B45: анализ 37 | C45: ТСК ф1" | D45: бр. | E45: 9 | F45: ='Ед. Цени'!F57 -> 132.99 | G45: =ROUND((E45*F45),2) -> 1196.91
A46: 35 | B46: Анализ 86 | C46: Св. Фл. ф100 | D46: бр. | E46: 2 | F46: ='Ед. Цени'!F106 -> 43.08 | G46: =ROUND((E46*F46),2) -> 86.16
A47: 36 | B47: Анализ 87 | C47: ФС Ф100 | D47: бр. | E47: 2 | F47: ='Ед. Цени'!F107 -> 43.08 | G47: =ROUND((E47*F47),2) -> 86.16
A48: 37 | B48: анализ 39 | C48: Хидравлично изпитване на водопровод | D48: л.м. | E48: 194.1 | F48: ='Ед. Цени'!F59 -> 1.78 | G48: =ROUND((E48*F48),2) -> 345.5
A49: 38 | B49: анализ 40 | C49: Дезинфекция на водопровод | D49: л.м. | E49: 194.1 | F49: ='Ед. Цени'!F60 -> 1.61 | G49: =ROUND((E49*F49),2) -> 312.5
A50: 39 | B50: анализ 41 | C50: Укрепване на гърне за СК | D50: бр. | E50: 10 | F50: ='Ед. Цени'!F61 -> 10.45 | G50: =ROUND((E50*F50),2) -> 104.5
A51: 40 | B51: анализ 42 | C51: Доставка и монтаж на табели за СК | D51: бр. | E51: 1 | F51: ='Ед. Цени'!F62 -> 18.52 | G51: =ROUND((E51*F51),2) -> 18.52
A52: 41 | B52: анализ 44 | C52: Демонтаж и възстановяване на улични бордюри за СВО и ПХ | D52: л.м. | E52: 18 | F52: ='Ед. Цени'!F64 -> 8.95 | G52: =ROUND((E52*F52),2) -> 161.1
A53: 42 | B53: анализ 45 | C53: Доставка, полагане и валиране каменна фракция 35/75 с Н=40см | D53: м3 | E53: 108.696 | F53: ='Ед. Цени'!F65 -> 18.94 | G53: =ROUND((E53*F53),2) -> 2058.7
A54: 43 | B54: анализ 46 | C54: Битумна разливка | D54: м2 | E54: 271.74 | F54: ='Ед. Цени'!F66 -> 1.77 | G54: =ROUND((E54*F54),2) -> 480.98
A55: 44 | B55: анализ 47 | C55: Доставка и полагане на неплътен асфалт 5 см | D55: тон | E55: 32.6088 | F55: ='Ед. Цени'!F67 -> 125.37 | G55: =ROUND((E55*F55),2) -> 4088.17
A56: 45 | B56: анализ 48 | C56: Доставка и монтажна сигнална лента над водопровода | D56: л.м. | E56: 194.1 | F56: ='Ед. Цени'!F68 -> 0.92 | G56: =ROUND((E56*F56),2) -> 178.57
A57: 46 | B57: анализ 49 | C57: Доставка и монтажна детекторна лента над водопровода | D57: л.м. | E57: 194.1 | F57: ='Ед. Цени'!F69 -> 1.41 | G57: =ROUND((E57*F57),2) -> 273.68
C58: Общо за част Водоснабдяване: | G58: =SUM(G12:G57) -> 36840.9
A59: II. ЧАСТ ВЪЗСТАНОВЯВАНЕ НА НАСТИЛКАТА
A60: 1 | B60: анализ 50 | C60: Изкоп на земни почви с багер на транспорт | D60: м3 | E60: 27.2 | F60: ='Ед. Цени'!F70 -> 7.8 | G60: =ROUND((E60*F60),2) -> 212.16
A61: 2 | B61: анализ 51 | C61: Изкоп ръчен в земни почви | D61: м3 | E61: 11.66 | F61: ='Ед. Цени'!F71 -> 16.63 | G61: =ROUND((E61*F61),2) -> 193.91
A62: 3 | B62: анализ 52 | C62: Почистване на реголи и настилки от кал | D62: м2 | E62: 64.32 | F62: ='Ед. Цени'!F72 -> 6.09 | G62: =ROUND((E62*F62),2) -> 391.71
A63: 4 | B63: анализ 53 | C63: Натоварване разк. земна почва на транспорт с багер | D63: м3 | E63: 13.99 | F63: ='Ед. Цени'!F73 -> 1.64 | G63: =ROUND((E63*F63),2) -> 22.94
A64: 5 | B64: анализ 54 | C64: Извозване на депо земни почви до 10 км | D64: м3 | E64: 40.2 | F64: ='Ед. Цени'!F74 -> 8.54 | G64: =ROUND((E64*F64),2) -> 343.31
A65: 6 | B65: анализ 7 | C65: Разриване с булдозер на земни маси | D65: м3 | E65: 40.2 | F65: ='Ед. Цени'!F27 -> 1.98 | G65: =ROUND((E65*F65),2) -> 79.6
A66: 7 | B66: анализ 55 | C66: Фрезоване на асфалт | D66: м2 | E66: 670 | F66: ='Ед. Цени'!F75 -> 1.78 | G66: =ROUND((E66*F66),2) -> 1192.6
A67: 8 | B67: анализ 56 | C67: Натоварване на отпадъци на транспорт с багер | D67: м3 | E67: 32.16 | F67: ='Ед. Цени'!F76 -> 1.78 | G67: =ROUND((E67*F67),2) -> 57.24
A68: 9 | B68: анализ 57 | C68: Извозване на асфалтови отпадъци на 80 км | D68: т | E68: 46.9 | F68: ='Ед. Цени'!F77 -> 21.54 | G68: =ROUND((E68*F68),2) -> 1010.23
A69: 10 | B69: анализ 58 | C69: Демонтаж бордюри | D69: м | E69: 84 | F69: ='Ед. Цени'!F78 -> 6.93 | G69: =ROUND((E69*F69),2) -> 582.12
A70: 11 | B70: анализ 59 | C70: Доставка и монтаж на бетонови бордюри 15/25/50 | D70: м | E70: 84 | F70: ='Ед. Цени'!F79 -> 27.54 | G70: =ROUND((E70*F70),2) -> 2313.36
A71: 12 | B71: анализ 60 | C71: Разкъртване на стара трош. настилка | D71: м2 | E71: 3 | F71: ='Ед. Цени'!F80 -> 7.88 | G71: =ROUND((E71*F71),2) -> 23.64
A72: 13 | B72: анализ 61 | C72: Изкърпване на трошенокаменна настилка - деб. 0.35 м | D72: м2 | E72: 75.04 | F72: ='Ед. Цени'!F81 -> 14.48 | G72: =ROUND((E72*F72),2) -> 1086.58
A73: 14 | B73: анализ 62 | C73: Изкърпване на трошенокаменна настилка деб. до - 0.10 м | D73: м2 | E73: 609.7 | F73: ='Ед. Цени'!F82 -> 11.72 | G73: =ROUND((E73*F73),2) -> 7145.68
A74: 15 | B74: анализ 63 | C74: Почистване и грундиране настилки | D74: м2 | E74: 804 | F74: ='Ед. Цени'!F83 -> 1.89 | G74: =ROUND((E74*F74),2) -> 1519.56
A75: 16 | B75: анализ 64 | C75: Машинно полагане на плътна асфалтова смес - 5 см. | D75: т | E75: 96.48 | F75: ='Ед. Цени'!F84 -> 134.12 | G75: =ROUND((E75*F75),2) -> 12939.9
C77: Общо за част Възстановяване на настилката: | G77: =SUM(G60:G75) -> 29114.54
C78: ВСИЧКО СМР: | G78: =SUM(G58+G77) -> 65955.44
C79: ДДС 20 %0 ЧАСТ ПЪТНА | G79: =+G78*0.2 -> 13191.088
C80: ОБЩО СМР: | G80: =+G79+G78 -> 79146.528

Sheet кл.10.1
A1: Обект: Реконструкция на компрометирани участъци от водопроводната мрежа в с.Апарухово, Общ.Дългопол- етап 2
A2: Възложител: Община Дългопол
A4: KОЛИЧЕСТВЕНО- СТОЙНОСТНА СМЕТКА - Клон 10.1 /о.т. 89 до о.т.91/
A6: № | C6: Вид СМР | D6: М-ка | E6: Количество | F6: Ед. цена | G6: Стойност
A9: 1 | C9: 2 | D9: 3 | E9: 4 | F9: 5 | G9: 6
A10: I. ЧАСТ ВОДОСНАБДЯВАНЕ
A11: 1 | B11: анализ 1 | C11: Рязане с фугорез на асфалтова настилка | D11: л.м. | E11: 569.6 | F11: ='Ед. Цени'!F21 -> 3.53 | G11: =ROUND((E11*F11),2) -> 2010.69
A12: 2 | B12: анализ 2 | C12: Разваляне асфалтова настилка | D12: м2 | E12: 398.72 | F12: ='Ед. Цени'!F22 -> 6.89 | G12: =ROUND((E12*F12),2) -> 2747.18
A13: 3 | B13: анализ 3 | C13: Изкоп с багер на отвал ЗП неукрепен - спада се от т.4 | D13: м3 | E13: 374.1122 | F13: ='Ед. Цени'!F23 -> 5.5 | G13: =ROUND((E13*F13),2) -> 2057.62
A14: 4 | B14: Анализ 65 | C14: Изкоп с дълб. до 2м. ръчно - 30% от машинния | D14: м3 | E14: 160.3338 | F14: ='Ед. Цени'!F85 -> 24.35 | G14: =ROUND((E14*F14),2) -> 3904.13
A15: 5 | B15: анализ 5 | C15: Прехвърляне на изкопана земна маса на 2,00 м вертикално и хоризонтално | D15: м3 | E15: 160.3338 | F15: ='Ед. Цени'!F25 -> 12.47 | G15: =ROUND((E15*F15),2) -> 1999.36
A16: 6 | B16: анализ 6 | C16: Натоварване излишната пръст с багер на самосвал | D16: м3 | E16: 534.446 | F16: ='Ед. Цени'!F26 -> 2.79 | G16: =ROUND((E16*F16),2) -> 1491.1
A17: 7 | B17: анализ 7 | C17: Разриване с булдозер на земни маси | D17: м3 | E17: 534.446 | F17: ='Ед. Цени'!F27 -> 1.98 | G17: =ROUND((E17*F17),2) -> 1058.2
A18: 8 | B18: анализ 8 | C18: Превоз на земни маси със самосвал до 5км. | D18: м3 | E18: 534.446 | F18: ='Ед. Цени'!F28 -> 2.79 | G18: =ROUND((E18*F18),2) -> 1491.1
A19: 9 | B19: анализ 9 | C19: Неплътно укрепване и разкрепване на изкопи | D19: м2 | E19: 968.32 | F19: ='Ед. Цени'!F29 -> 2.42 | G19: =ROUND((E19*F19),2) -> 2343.33
A20: 10 | B20: анализ 10 | C20: Доставка на пясък със самосвал на 10км. | D20: м3 | E20: 157.19 | F20: ='Ед. Цени'!F30 -> 19.04 | G20: =ROUND((E20*F20),2) -> 2992.9
A21: 11 | B21: анализ 11 | C21: Превоз с ръчни колички на пясък на 50м | D21: м3 | E21: 157.19 | F21: ='Ед. Цени'!F31 -> 6.14 | G21: =ROUND((E21*F21),2) -> 965.15
A22: 12 | B22: анализ 12 | C22: Подложка от пясък 10см. | D22: м3 | E22: 31.438 | F22: ='Ед. Цени'!F32 -> 8.17 | G22: =ROUND((E22*F22),2) -> 256.85
A23: 13 | B23: анализ 13 | C23: Засипване на тръби с пясък - 40см. | D23: м3 | E23: 125.752 | F23: ='Ед. Цени'!F33 -> 4.75 | G23: =ROUND((E23*F23),2) -> 597.32
A24: 14 | B24: анализ 14 | C24: Уплътняване на пясък с пневматична трамбовка | D24: м3 | E24: 157.19 | F24: ='Ед. Цени'!F34 -> 3.66 | G24: =ROUND((E24*F24),2) -> 575.32
A25: 15 | B25: анализ 15 | C25: Доставка на нестандартна скална маса от кариера на 5км | D25: м3 | E25: 251.944 | F25: ='Ед. Цени'!F35 -> 17.82 | G25: =ROUND((E25*F25),2) -> 4489.64
A26: 16 | B26: анализ 16 | C26: Превоз с ръчни колички на скална маса на 50м | D26: м3 | E26: 251.944 | F26: ='Ед. Цени'!F36 -> 6.14 | G26: =ROUND((E26*F26),2) -> 1546.94
... A31: 21 | B31: анализ 21 | C31: Извозване асфалтови отпадъци със самосвал до 5км. | D31: м3 | E31: 39.872 | F31: ='Ед. Цени'!F41 -> 2.3 | G31: =ROUND((E31*F31),2) -> 91.71
A32: 22 | B32: анализ 23 | C32: Полагане ПЕВП тръби ø90мм. | D32: л.м. | E32: 221.8 | F32: ='Ед. Цени'!F43 -> 26.13 | G32: =ROUND((E32*F32),2) -> 5795.63
A33: 23 | B33: анализ 24 | C33: Полагане ПЕВП тръби ø32мм. | D33: л.м. | E33: 64 | F33: ='Ед. Цени'!F44 -> 7.79 | G33: =ROUND((E33*F33),2) -> 498.56
A34: 24 | B34: анализ 25 | C34: БОБ | D34: бр. | E34: 7 | F34: ='Ед. Цени'!F45 -> 14.87 | G34: =ROUND((E34*F34),2) -> 104.09
A35: 25 | B35: Анализ 88 | C35: ВС ф90/1" | D35: бр. | E35: 12 | F35: ='Ед. Цени'!F108 -> 57.71 | G35: =ROUND((E35*F35),2) -> 692.52
A36: 26 | B36: Анализ 89 | C36: Дъга ф90/12 | D36: бр. | E36: 1 | F36: ='Ед. Цени'!F109 -> 41.12 | G36: =ROUND((E36*F36),2) -> 41.12
A37: 27 | B37: анализ 29 | C37: Заварка ф90 | D37: бр. | E37: 31.4 | F37: ='Ед. Цени'!F49 -> 15.4 | G37: =ROUND((E37*F37),2) -> 483.56
A38: 28 | B38: анализ 30 | C38: Ко ф32/1" | D38: бр. | E38: 12 | F38: ='Ед. Цени'!F50 -> 15.9 | G38: =ROUND((E38*F38),2) -> 190.8
A39: 29 | B39: анализ 31 | C39: ПМ ф32/1" | D39: бр. | E39: 12 | F39: ='Ед. Цени'!F51 -> 18.32 | G39: =ROUND((E39*F39),2) -> 219.84
A40: 30 | B40: анализ 32 | C40: ПП. Фл. ф90 | D40: бр. | E40: 4 | F40: ='Ед. Цени'!F52 -> 35.82 | G40: =ROUND((E40*F40),2) -> 143.28
A41: 31 | B41: анализ 33 | C41: ПХ ф70/80 | D41: бр. | E41: 2 | F41: ='Ед. Цени'!F53 -> 324.5 | G41: =ROUND((E41*F41),2) -> 649
A42: 32 | B42: анализ 34 | C42: Св. Фл. ф80 | D42: бр. | E42: 4 | F42: ='Ед. Цени'!F54 -> 39.45 | G42: =ROUND((E42*F42),2) -> 157.8
A43: 33 | B43: анализ 35 | C43: СК ф80 с охр. гарн. | D43: бр. | E43: 3 | F43: ='Ед. Цени'!F55 -> 150.7 | G43: =ROUND((E43*F43),2) -> 452.1
A44: 34 | B44: Анализ 85 | C44: Т ф90/ф90 | D44: бр. | E44: 3 | F44: ='Ед. Цени'!F105 -> 53.66 | G44: =ROUND((E44*F44),2) -> 160.98
A45: 35 | B45: анализ 37 | C45: ТСК ф1" | D45: бр. | E45: 12 | F45: ='Ед. Цени'!F57 -> 132.99 | G45: =ROUND((E45*F45),2) -> 1595.88
A46: 36 | B46: анализ 38 | C46: ФС Ф80 | D46: бр. | E46: 4 | F46: ='Ед. Цени'!F58 -> 39.45 | G46: =ROUND((E46*F46),2) -> 157.8
A47: 37 | B47: анализ 39 | C47: Хидравлично изпитване на водопровод | D47: л.м. | E47: 285.8 | F47: ='Ед. Цени'!F59 -> 1.78 | G47: =ROUND((E47*F47),2) -> 508.72
A48: 38 | B48: анализ 40 | C48: Дезинфекция на водопровод | D48: л.м. | E48: 285.8 | F48: ='Ед. Цени'!F60 -> 1.61 | G48: =ROUND((E48*F48),2) -> 460.14
A49: 39 | B49: анализ 41 | C49: Укрепване на гърне за СК | D49: бр. | E49: 15 | F49: ='Ед. Цени'!F61 -> 10.45 | G49: =ROUND((E49*F49),2) -> 156.75
A50: 40 | B50: анализ 42 | C50: Доставка и монтаж на табели за СК | D50: бр. | E50: 3 | F50: ='Ед. Цени'!F62 -> 18.52 | G50: =ROUND((E50*F50),2) -> 55.56
A51: 41 | B51: анализ 43 | C51: Доставка и монтаж на табели за ПХ | D51: бр. | E51: 2 | F51: ='Ед. Цени'!F63 -> 18.52 | G51: =ROUND((E51*F51),2) -> 37.04
A52: 42 | B52: анализ 44 | C52: Демонтаж и възстановяване на улични бордюри за СВО и ПХ | D52: л.м. | E52: 28 | F52: ='Ед. Цени'!F64 -> 8.95 | G52: =ROUND((E52*F52),2) -> 250.6
A53: 43 | B53: анализ 45 | C53: Доставка, полагане и валиране каменна фракция 35/75 с Н=40см | D53: м3 | E53: 159.488 | F53: ='Ед. Цени'!F65 -> 18.94 | G53: =ROUND((E53*F53),2) -> 3020.7
A54: 44 | B54: анализ 46 | C54: Битумна разливка | D54: м2 | E54: 398.72 | F54: ='Ед. Цени'!F66 -> 1.77 | G54: =ROUND((E54*F54),2) -> 705.73
A55: 45 | B55: анализ 47 | C55: Доставка и полагане на неплътен асфалт 5 см | D55: тон | E55: 47.8464 | F55: ='Ед. Цени'!F67 -> 125.37 | G55: =ROUND((E55*F55),2) -> 5998.5
A56: 46 | B56: анализ 48 | C56: Доставка и монтажна сигнална лента над водопровода | D56: л.м. | E56: 285.8 | F56: ='Ед. Цени'!F68 -> 0.92 | G56: =ROUND((E56*F56),2) -> 262.94
A57: 47 | B57: анализ 49 | C57: Доставка и монтажна детекторна лента над водопровода | D57: л.м. | E57: 285.8 | F57: ='Ед. Цени'!F69 -> 1.41 | G57: =ROUND((E57*F57),2) -> 402.98
C58: Общо за част Водоснабдяване: | G58: =SUM(G11:G57) -> 55077.31
A59: II. ЧАСТ ВЪЗСТАНОВЯВАНЕ НА НАСТИЛКАТА
A60: 1 | B60: анализ 50 | C60: Изкоп на земни почви с багер на транспорт | D60: м3 | E60: 45.07 | F60: ='Ед. Цени'!F70 -> 7.8 | G60: =ROUND((E60*F60),2) -> 351.55
A61: 2 | B61: анализ 51 | C61: Изкоп ръчен в земни почви | D61: м3 | E61: 19.31 | F61: ='Ед. Цени'!F71 -> 16.63 | G61: =ROUND((E61*F61),2) -> 321.13
A62: 3 | B62: анализ 52 | C62: Почистване на реголи и настилки от кал | D62: м2 | E62: 106.56 | F62: ='Ед. Цени'!F72 -> 6.09 | G62: =ROUND((E62*F62),2) -> 648.95
A63: 4 | B63: анализ 53 | C63: Натоварване разк. земна почва на транспорт с багер | D63: м3 | E63: 23.17 | F63: ='Ед. Цени'!F73 -> 1.64 | G63: =ROUND((E63*F63),2) -> 38
A64: 5 | B64: анализ 54 | C64: Извозване на депо земни почви до 10 км | D64: м3 | E64: 66.6 | F64: ='Ед. Цени'!F74 -> 8.54 | G64: =ROUND((E64*F64),2) -> 568.76
A65: 6 | B65: анализ 7 | C65: Разриване с булдозер на земни маси | D65: м3 | E65: 66.6 | F65: ='Ед. Цени'!F27 -> 1.98 | G65: =ROUND((E65*F65),2) -> 131.87
A66: 7 | B66: анализ 55 | C66: Фрезоване на асфалт | D66: м2 | E66: 1110 | F66: ='Ед. Цени'!F75 -> 1.78 | G66: =ROUND((E66*F66),2) -> 1975.8
A67: 8 | B67: анализ 56 | C67: Натоварване на отпадъци на транспорт с багер | D67: м3 | E67: 53.28 | F67: ='Ед. Цени'!F76 -> 1.78 | G67: =ROUND((E67*F67),2) -> 94.84
A68: 9 | B68: анализ 57 | C68: Извозване на асфалтови отпадъци на 80 км | D68: т | E68: 77.7 | F68: ='Ед. Цени'!F77 -> 21.54 | G68: =ROUND((E68*F68),2) -> 1673.66
A69: 10 | B69: анализ 58 | C69: Демонтаж бордюри | D69: м | E69: 130 | F69: ='Ед. Цени'!F78 -> 6.93 | G69: =ROUND((E69*F69),2) -> 900.9
A70: 11 | B70: анализ 59 | C70: Доставка и монтаж на бетонови бордюри 15/25/50 | D70: м | E70: 130 | F70: ='Ед. Цени'!F79 -> 27.54 | G70: =ROUND((E70*F70),2) -> 3580.2
A71: 12 | B71: анализ 60 | C71: Разкъртване на стара трош. настилка | D71: м2 | E71: 124.32 | F71: ='Ед. Цени'!F80 -> 7.88 | G71: =ROUND((E71*F71),2) -> 979.64
A72: 13 | B72: анализ 61 | C72: Изкърпване на трошенокаменна настилка - деб. 0.35 м | D72: м2 | E72: 124.32 | F72: ='Ед. Цени'!F81 -> 14.48 | G72: =ROUND((E72*F72),2) -> 1800.15
A73: 14 | B73: анализ 62 | C73: Изкърпване на трошенокаменна настилка деб. до - 0.10 м | D73: м2 | E73: 1010.1 | F73: ='Ед. Цени'!F82 -> 11.72 | G73: =ROUND((E73*F73),2) -> 11838.37
A74: 15 | B74: анализ 63 | C74: Почистване и грундиране настилки | D74: м2 | E74: 1332 | F74: ='Ед. Цени'!F83 -> 1.89 | G74: =ROUND((E74*F74),2) -> 2517.48
A75: 16 | B75: анализ 64 | C75: Машинно полагане на плътна асфалтова смес - 5 см. | D75: т | E75: 159.84 | F75: ='Ед. Цени'!F84 -> 134.12 | G75: =ROUND((E75*F75),2) -> 21437.74
C77: Общо за част Възстановяване на настилката: | G77: =SUM(G60:G75) -> 48859.04
C78: ВСИЧКО СМР: | G78: =SUM(G58+G77) -> 103936.35
C79: ДДС 20 %0 ЧАСТ ПЪТНА | G79: =+G78*0.2 -> 20787.27
C80: ОБЩО СМР: | G80: =+G79+G78 -> 124723.62

Sheet кл.12
A1: Обект: Реконструкция на компрометирани участъци от водопроводната мрежа в с.Апарухово, Общ.Дългопол- етап 2
A2: Възложител: Община Дългопол
A4: KОЛИЧЕСТВЕНО- СТОЙНОСТНА СМЕТКА - Клон 12 /о.т. 127 до о.т.85/
A6: № | C6: Вид СМР | D6: М-ка | E6: Количество | F6: Ед. цена | G6: Стойност
A9: 1 | C9: 2 | D9: 3 | E9: 4 | F9: 5 | G9: 6
A10: I. ЧАСТ ВОДОСНАБДЯВАНЕ
A11: 1 | B11: анализ 1 | C11: Рязане с фугорез на асфалтова настилка | D11: л.м. | E11: 463.6 | F11: ='Ед. Цени'!F21 -> 3.53 | G11: =ROUND((E11*F11),2) -> 1636.51
A12: 2 | B12: анализ 2 | C12: Разваляне асфалтова настилка | D12: м2 | E12: 324.52 | F12: ='Ед. Цени'!F22 -> 6.89 | G12: =ROUND((E12*F12),2) -> 2235.94
A13: 3 | B13: анализ 3 | C13: Изкоп с багер на отвал ЗП неукрепен - спада се от т.4 | D13: м3 | E13: 306.52776 | F13: ='Ед. Цени'!F23 -> 5.5 | G13: =ROUND((E13*F13),2) -> 1685.9
A14: 4 | B14: Анализ 65 | C14: Изкоп с дълб. до 2м. ръчно - 30% от машинния | D14: м3 | E14: 131.36904 | F14: ='Ед. Цени'!F85 -> 24.35 | G14: =ROUND((E14*F14),2) -> 3198.84
A15: 5 | B15: анализ 5 | C15: Прехвърляне на изкопана земна маса на 2,00 м вертикално и хоризонтално | D15: м3 | E15: 131.36904 | F15: ='Ед. Цени'!F25 -> 12.47 | G15: =ROUND((E15*F15),2) -> 1638.17
A16: 6 | B16: анализ 6 | C16: Натоварване излишната пръст с багер на самосвал | D16: м3 | E16: 437.8968 | F16: ='Ед. Цени'!F26 -> 2.79 | G16: =ROUND((E16*F16),2) -> 1221.73
A17: 7 | B17: анализ 7 | C17: Разриване с булдозер на земни маси | D17: м3 | E17: 437.8968 | F17: ='Ед. Цени'!F27 -> 1.98 | G17: =ROUND((E17*F17),2) -> 867.04
A18: 8 | B18: анализ 8 | C18: Превоз на земни маси със самосвал до 5км. | D18: м3 | E18: 437.8968 | F18: ='Ед. Цени'!F28 -> 2.79 | G18: =ROUND((E18*F18),2) -> 1221.73
A19: 9 | B19: анализ 9 | C19: Неплътно укрепване и разкрепване на изкопи | D19: м2 | E19: 792.756 | F19: ='Ед. Цени'!F29 -> 2.42 | G19: =ROUND((E19*F19),2) -> 1918.47
A20: 10 | B20: анализ 10 | C20: Доставка на пясък със самосвал на 10км. | D20: м3 | E20: 128.04 | F20: ='Ед. Цени'!F30 -> 19.04 | G20: =ROUND((E20*F20),2) -> 2437.88
A21: 11 | B21: анализ 11 | C21: Превоз с ръчни колички на пясък на 50м | D21: м3 | E21: 128.04 | F21: ='Ед. Цени'!F31 -> 6.14 | G21: =ROUND((E21*F21),2) -> 786.17
A22: 12 | B22: анализ 12 | C22: Подложка от пясък 10см. | D22: м3 | E22: 25.608 | F22: ='Ед. Цени'!F32 -> 8.17 | G22: =ROUND((E22*F22),2) -> 209.22
A23: 13 | B23: анализ 13 | C23: Засипване на тръби с пясък - 40см. | D23: м3 | E23: 102.432 | F23: ='Ед. Цени'!F33 -> 4.75 | G23: =ROUND((E23*F23),2) -> 486.55
A24: 14 | B24: анализ 14 | C24: Уплътняване на пясък с пневматична трамбовка | D24: м3 | E24: 128.04 | F24: ='Ед. Цени'!F34 -> 3.66 | G24: =ROUND((E24*F24),2) -> 468.63
A25: 15 | B25: анализ 15 | C25: Доставка на нестандартна скална маса от кариера на 5км | D25: м3 | E25: 207.8648 | F25: ='Ед. Цени'!F35 -> 17.82 | G25: =ROUND((E25*F25),2) -> 3704.15
A26: 16 | B26: анализ 16 | C26: Превоз с ръчни колички на скална маса на 50м | D26: м3 | E26: 207.8648 | F26: ='Ед. Цени'!F36 -> 6.14 | G26: =ROUND((E26*F26),2) -> 1276.29
... A31: 21 | B31: анализ 21 | C31: Извозване асфалтови отпадъци със самосвал до 5км. | D31: м3 | E31: 32.452 | F31: ='Ед. Цени'!F41 -> 2.3 | G31: =ROUND((E31*F31),2) -> 74.64
A32: 22 | B32: анализ 23 | C32: Полагане ПЕВП тръби ø90мм. | D32: л.м. | E32: 184.8 | F32: ='Ед. Цени'!F43 -> 26.13 | G32: =ROUND((E32*F32),2) -> 4828.82
A33: 23 | B33: анализ 24 | C33: Полагане ПЕВП тръби ø32мм. | D33: л.м. | E33: 48 | F33: ='Ед. Цени'!F44 -> 7.79 | G33: =ROUND((E33*F33),2) -> 373.92
A34: 24 | B34: анализ 25 | C34: БОБ | D34: бр. | E34: 7 | F34: ='Ед. Цени'!F45 -> 14.87 | G34: =ROUND((E34*F34),2) -> 104.09
A35: 25 | B35: Анализ 88 | C35: ВС ф90/1" | D35: бр. | E35: 8 | F35: ='Ед. Цени'!F108 -> 57.71 | G35: =ROUND((E35*F35),2) -> 461.68
A36: 26 | B36: анализ 29 | C36: Заварка ф90 | D36: бр. | E36: 28.316667 | F36: ='Ед. Цени'!F49 -> 15.4 | G36: =ROUND((E36*F36),2) -> 436.08
A37: 27 | B37: анализ 30 | C37: Ко ф32/1" | D37: бр. | E37: 8 | F37: ='Ед. Цени'!F50 -> 15.9 | G37: =ROUND((E37*F37),2) -> 127.2
A38: 28 | B38: Анализ 90 | C38: Коляно ф90/45 | D38: бр. | E38: 1 | F38: ='Ед. Цени'!F110 -> 43.54 | G38: =ROUND((E38*F38),2) -> 43.54
A39: 29 | B39: Анализ 82 | C39: Намалител ф110/ф90 | D39: бр. | E39: 1 | F39: ='Ед. Цени'!F102 -> 31.44 | G39: =ROUND((E39*F39),2) -> 31.44
A40: 30 | B40: анализ 31 | C40: ПМ ф32/1" | D40: бр. | E40: 8 | F40: ='Ед. Цени'!F51 -> 18.32 | G40: =ROUND((E40*F40),2) -> 146.56
A41: 31 | B41: анализ 32 | C41: ПП. Фл. ф90 | D41: бр. | E41: 4 | F41: ='Ед. Цени'!F52 -> 35.82 | G41: =ROUND((E41*F41),2) -> 143.28
A42: 32 | B42: анализ 33 | C42: ПХ ф70/80 | D42: бр. | E42: 2 | F42: ='Ед. Цени'!F53 -> 324.5 | G42: =ROUND((E42*F42),2) -> 649
A43: 33 | B43: анализ 34 | C43: Св. Фл. ф80 | D43: бр. | E43: 4 | F43: ='Ед. Цени'!F54 -> 39.45 | G43: =ROUND((E43*F43),2) -> 157.8
A44: 34 | B44: анализ 35 | C44: СК ф80 с охр. гарн. | D44: бр. | E44: 3 | F44: ='Ед. Цени'!F55 -> 150.7 | G44: =ROUND((E44*F44),2) -> 452.1
A45: 35 | B45: Анализ 85 | C45: Т ф90/ф90 | D45: бр. | E45: 3 | F45: ='Ед. Цени'!F105 -> 53.66 | G45: =ROUND((E45*F45),2) -> 160.98
A46: 36 | B46: анализ 37 | C46: ТСК ф1" | D46: бр. | E46: 8 | F46: ='Ед. Цени'!F57 -> 132.99 | G46: =ROUND((E46*F46),2) -> 1063.92
A47: 37 | B47: анализ 38 | C47: ФС Ф80 | D47: бр. | E47: 4 | F47: ='Ед. Цени'!F58 -> 39.45 | G47: =ROUND((E47*F47),2) -> 157.8
A48: 38 | B48: анализ 39 | C48: Хидравлично изпитване на водопровод | D48: л.м. | E48: 232.8 | F48: ='Ед. Цени'!F59 -> 1.78 | G48: =ROUND((E48*F48),2) -> 414.38
A49: 39 | B49: анализ 40 | C49: Дезинфекция на водопровод | D49: л.м. | E49: 232.8 | F49: ='Ед. Цени'!F60 -> 1.61 | G49: =ROUND((E49*F49),2) -> 374.81
A50: 40 | B50: анализ 41 | C50: Укрепване на гърне за СК | D50: бр. | E50: 11 | F50: ='Ед. Цени'!F61 -> 10.45 | G50: =ROUND((E50*F50),2) -> 114.95
A51: 41 | B51: анализ 42 | C51: Доставка и монтаж на табели за СК | D51: бр. | E51: 3 | F51: ='Ед. Цени'!F62 -> 18.52 | G51: =ROUND((E51*F51),2) -> 55.56
A52: 42 | B52: анализ 43 | C52: Доставка и монтаж на табели за ПХ | D52: бр. | E52: 2 | F52: ='Ед. Цени'!F63 -> 18.52 | G52: =ROUND((E52*F52),2) -> 37.04
A53: 43 | B53: анализ 44 | C53: Демонтаж и възстановяване на улични бордюри за СВО и ПХ | D53: л.м. | E53: 20 | F53: ='Ед. Цени'!F64 -> 8.95 | G53: =ROUND((E53*F53),2) -> 179
A54: 44 | B54: анализ 45 | C54: Доставка, полагане и валиране каменна фракция 35/75 с Н=40см | D54: м3 | E54: 129.808 | F54: ='Ед. Цени'!F65 -> 18.94 | G54: =ROUND((E54*F54),2) -> 2458.56
A55: 45 | B55: анализ 46 | C55: Битумна разливка | D55: м2 | E55: 324.52 | F55: ='Ед. Цени'!F66 -> 1.77 | G55: =ROUND((E55*F55),2) -> 574.4
A56: 46 | B56: анализ 47 | C56: Доставка и полагане на неплътен асфалт 5 см | D56: тон | E56: 38.9424 | F56: ='Ед. Цени'!F67 -> 125.37 | G56: =ROUND((E56*F56),2) -> 4882.21
A57: 47 | B57: анализ 48 | C57: Доставка и монтажна сигнална лента над водопровода | D57: л.м. | E57: 232.8 | F57: ='Ед. Цени'!F68 -> 0.92 | G57: =ROUND((E57*F57),2) -> 214.18
A58: 48 | B58: анализ 49 | C58: Доставка и монтажна детекторна лента над водопровода | D58: л.м. | E58: 232.8 | F58: ='Ед. Цени'!F69 -> 1.41 | G58: =ROUND((E58*F58),2) -> 328.25
C59: Общо за част Водоснабдяване: | G59: =SUM(G11:G58) -> 45070.86
A60: II. ЧАСТ ВЪЗСТАНОВЯВАНЕ НА НАСТИЛКАТА
A61: 1 | B61: анализ 50 | C61: Изкоп на земни почви с багер на транспорт | D61: м3 | E61: 37.56 | F61: ='Ед. Цени'!F70 -> 7.8 | G61: =ROUND((E61*F61),2) -> 292.97
A62: 2 | B62: анализ 51 | C62: Изкоп ръчен в земни почви | D62: м3 | E62: 16.09 | F62: ='Ед. Цени'!F71 -> 16.63 | G62: =ROUND((E62*F62),2) -> 267.58
A63: 3 | B63: анализ 52 | C63: Почистване на реголи и настилки от кал | D63: м2 | E63: 88.8 | F63: ='Ед. Цени'!F72 -> 6.09 | G63: =ROUND((E63*F63),2) -> 540.79
A64: 4 | B64: анализ 53 | C64: Натоварване разк. земна почва на транспорт с багер | D64: м3 | E64: 19.31 | F64: ='Ед. Цени'!F73 -> 1.64 | G64: =ROUND((E64*F64),2) -> 31.67
A65: 5 | B65: анализ 54 | C65: Извозване на депо земни почви до 10 км | D65: м3 | E65: 55.5 | F65: ='Ед. Цени'!F74 -> 8.54 | G65: =ROUND((E65*F65),2) -> 473.97
A66: 6 | B66: анализ 7 | C66: Разриване с булдозер на земни маси | D66: м3 | E66: 55.5 | F66: ='Ед. Цени'!F27 -> 1.98 | G66: =ROUND((E66*F66),2) -> 109.89
A67: 7 | B67: анализ 55 | C67: Фрезоване на асфалт | D67: м2 | E67: 925 | F67: ='Ед. Цени'!F75 -> 1.78 | G67: =ROUND((E67*F67),2) -> 1646.5
A68: 8 | B68: анализ 56 | C68: Натоварване на отпадъци на транспорт с багер | D68: м3 | E68: 44.4 | F68: ='Ед. Цени'!F76 -> 1.78 | G68: =ROUND((E68*F68),2) -> 79.03
A69: 9 | B69: анализ 57 | C69: Извозване на асфалтови отпадъци на 80 км | D69: т | E69: 64.75 | F69: ='Ед. Цени'!F77 -> 21.54 | G69: =ROUND((E69*F69),2) -> 1394.72
A70: 10 | B70: анализ 58 | C70: Демонтаж бордюри | D70: м | E70: 120 | F70: ='Ед. Цени'!F78 -> 6.93 | G70: =ROUND((E70*F70),2) -> 831.6
A71: 11 | B71: анализ 59 | C71: Доставка и монтаж на бетонови бордюри 15/25/50 | D71: м | E71: 120 | F71: ='Ед. Цени'!F79 -> 27.54 | G71: =ROUND((E71*F71),2) -> 3304.8
A72: 12 | B72: анализ 60 | C72: Разкъртване на стара трош. настилка | D72: м2 | E72: 103.6 | F72: ='Ед. Цени'!F80 -> 7.88 | G72: =ROUND((E72*F72),2) -> 816.37
A73: 13 | B73: анализ 61 | C73: Изкърпване на трошенокаменна настилка - деб. 0.35 м | D73: м2 | E73: 103.6 | F73: ='Ед. Цени'!F81 -> 14.48 | G73: =ROUND((E73*F73),2) -> 1500.13
A74: 14 | B74: анализ 62 | C74: Изкърпване на трошенокаменна настилка деб. до - 0.10 м | D74: м2 | E74: 841.75 | F74: ='Ед. Цени'!F82 -> 11.72 | G74: =ROUND((E74*F74),2) -> 9865.31
A75: 15 | B75: анализ 63 | C75: Почистване и грундиране настилки | D75: м2 | E75: 1110 | F75: ='Ед. Цени'!F83 -> 1.89 | G75: =ROUND((E75*F75),2) -> 2097.9
A76: 16 | B76: анализ 64 | C76: Машинно полагане на плътна асфалтова смес - 5 см. | D76: т | E76: 133.2 | F76: ='Ед. Цени'!F84 -> 134.12 | G76: =ROUND((E76*F76),2) -> 17864.78
C78: Общо за част Възстановяване на настилката: | G78: =SUM(G61:G76) -> 41118.01
C79: ВСИЧКО СМР: | G79: =SUM(G59+G78) -> 86188.87
C80: ДДС 20 %0 ЧАСТ ПЪТНА | G80: =+G79*0.2 -> 17237.774
C81: ОБЩО СМР: | G81: =+G80+G79 -> 103426.64

Sheet кл.15
A1: Обект: Реконструкция на компрометирани участъци от водопроводната мрежа в с.Апарухово, Общ.Дългопол- етап 2
A2: Възложител: Община Дългопол
A4: KОЛИЧЕСТВЕНО- СТОЙНОСТНА СМЕТКА - Клон 15 /о.т. 84 до о.т.85/
A6: № | C6: Вид СМР | D6: М-ка | E6: Количество | F6: Ед. цена | G6: Стойност
A9: 1 | C9: 2 | D9: 3 | E9: 4 | F9: 5 | G9: 6
A10: I. ЧАСТ ВОДОСНАБДЯВАНЕ
A11: 1 | B11: анализ 1 | C11: Рязане с фугорез на асфалтова настилка | D11: л.м. | E11: 319.8 | F11: ='Ед. Цени'!F21 -> 3.53 | G11: =ROUND((E11*F11),2) -> 1128.89
A12: 2 | B12: анализ 2 | C12: Разваляне асфалтова настилка | D12: м2 | E12: 223.86 | F12: ='Ед. Цени'!F22 -> 6.89 | G12: =ROUND((E12*F12),2) -> 1542.4
A13: 3 | B13: анализ 3 | C13: Изкоп с багер на отвал ЗП неукрепен - спада се от т.4 | D13: м3 | E13: 209.9636 | F13: ='Ед. Цени'!F23 -> 5.5 | G13: =ROUND((E13*F13),2) -> 1154.8
A14: 4 | B14: Анализ 65 | C14: Изкоп с дълб. до 2м. ръчно - 30% от машинния | D14: м3 | E14: 89.9844 | F14: ='Ед. Цени'!F85 -> 24.35 | G14: =ROUND((E14*F14),2) -> 2191.12
A15: 5 | B15: анализ 5 | C15: Прехвърляне на изкопана земна маса на 2,00 м вертикално и хоризонтално | D15: м3 | E15: 89.9844 | F15: ='Ед. Цени'!F25 -> 12.47 | G15: =ROUND((E15*F15),2) -> 1122.11
A16: 6 | B16: анализ 6 | C16: Натоварване излишната пръст с багер на самосвал | D16: м3 | E16: 299.948 | F16: ='Ед. Цени'!F26 -> 2.79 | G16: =ROUND((E16*F16),2) -> 836.85
A17: 7 | B17: анализ 7 | C17: Разриване с булдозер на земни маси | D17: м3 | E17: 299.948 | F17: ='Ед. Цени'!F27 -> 1.98 | G17: =ROUND((E17*F17),2) -> 593.9
A18: 8 | B18: анализ 8 | C18: Превоз на земни маси със самосвал до 5км. | D18: м3 | E18: 299.948 | F18: ='Ед. Цени'!F28 -> 2.79 | G18: =ROUND((E18*F18),2) -> 836.85
A19: 9 | B19: анализ 9 | C19: Неплътно укрепване и разкрепване на изкопи | D19: м2 | E19: 543.66 | F19: ='Ед. Цени'!F29 -> 2.42 | G19: =ROUND((E19*F19),2) -> 1315.66
A20: 10 | B20: анализ 10 | C20: Доставка на пясък със самосвал на 10км. | D20: м3 | E20: 88.22 | F20: ='Ед. Цени'!F30 -> 19.04 | G20: =ROUND((E20*F20),2) -> 1679.71
A21: 11 | B21: анализ 11 | C21: Превоз с ръчни колички на пясък на 50м | D21: м3 | E21: 88.22 | F21: ='Ед. Цени'!F31 -> 6.14 | G21: =ROUND((E21*F21),2) -> 541.67
A22: 12 | B22: анализ 12 | C22: Подложка от пясък 10см. | D22: м3 | E22: 17.644 | F22: ='Ед. Цени'!F32 -> 8.17 | G22: =ROUND((E22*F22),2) -> 144.15
A23: 13 | B23: анализ 13 | C23: Засипване на тръби с пясък - 40см. | D23: м3 | E23: 70.576 | F23: ='Ед. Цени'!F33 -> 4.75 | G23: =ROUND((E23*F23),2) -> 335.24
A24: 14 | B24: анализ 14 | C24: Уплътняване на пясък с пневматична трамбовка | D24: м3 | E24: 88.22 | F24: ='Ед. Цени'!F34 -> 3.66 | G24: =ROUND((E24*F24),2) -> 322.89
A25: 15 | B25: анализ 15 | C25: Доставка на нестандартна скална маса от кариера на 5км | D25: м3 | E25: 141.372 | F25: ='Ед. Цени'!F35 -> 17.82 | G25: =ROUND((E25*F25),2) -> 2519.25
A26: 16 | B26: анализ 16 | C26: Превоз с ръчни колички на скална маса на 50м | D26: м3 | E26: 141.372 | F26: ='Ед. Цени'!F36 -> 6.14 | G26: =ROUND((E26*F26),2) -> 868.02
... A31: 21 | B31: анализ 21 | C31: Извозване асфалтови отпадъци със самосвал до 5км. | D31: м3 | E31: 22.386 | F31: ='Ед. Цени'!F41 -> 2.3 | G31: =ROUND((E31*F31),2) -> 51.49
A32: 22 | B32: анализ 23 | C32: Полагане ПЕВП тръби ø90мм. | D32: л.м. | E32: 152.4 | F32: ='Ед. Цени'!F43 -> 26.13 | G32: =ROUND((E32*F32),2) -> 3982.21
A33: 23 | B33: Анализ 91 | C33: Полагане ПЕВП тръби ø63мм. | D33: л.м. | E33: 8 | F33: ='Ед. Цени'!F111 -> 8.64 | G33: =ROUND((E33*F33),2) -> 69.12
A34: 24 | B34: Анализ 92 | C34: Дъга ф90/42 | D34: бр. | E34: 1 | F34: ='Ед. Цени'!F112 -> 43.54 | G34: =ROUND((E34*F34),2) -> 43.54
A35: 25 | B35: анализ 25 | C35: БОБ | D35: бр. | E35: 3 | F35: ='Ед. Цени'!F45 -> 14.87 | G35: =ROUND((E35*F35),2) -> 44.61
A36: 26 | B36: Анализ 93 | C36: ВС ф90/2" | D36: бр. | E36: 1 | F36: ='Ед. Цени'!F113 -> 61.34 | G36: =ROUND((E36*F36),2) -> 61.34
A37: 27 | B37: анализ 29 | C37: Заварка ф90 | D37: бр. | E37: 18.158333 | F37: ='Ед. Цени'!F49 -> 15.4 | G37: =ROUND((E37*F37),2) -> 279.64
A38: 28 | B38: Анализ 94 | C38: Ко ф63/2" | D38: бр. | E38: 1 | F38: ='Ед. Цени'!F114 -> 17.3 | G38: =ROUND((E38*F38),2) -> 17.3
A39: 29 | B39: Анализ 95 | C39: ПМ ф63/2" | D39: бр. | E39: 1 | F39: ='Ед. Цени'!F115 -> 19.6 | G39: =ROUND((E39*F39),2) -> 19.6
A40: 30 | B40: анализ 32 | C40: ПП. Фл. ф90 | D40: бр. | E40: 1 | F40: ='Ед. Цени'!F52 -> 35.82 | G40: =ROUND((E40*F40),2) -> 35.82
A41: 31 | B41: анализ 33 | C41: ПХ ф70/80 | D41: бр. | E41: 1 | F41: ='Ед. Цени'!F53 -> 324.5 | G41: =ROUND((E41*F41),2) -> 324.5
A42: 32 | B42: анализ 34 | C42: Св. Фл. ф80 | D42: бр. | E42: 1 | F42: ='Ед. Цени'!F54 -> 39.45 | G42: =ROUND((E42*F42),2) -> 39.45
A43: 33 | B43: анализ 35 | C43: СК ф80 с охр. гарн. | D43: бр. | E43: 1 | F43: ='Ед. Цени'!F55 -> 150.7 | G43: =ROUND((E43*F43),2) -> 150.7
A44: 34 | B44: Анализ 85 | C44: Т ф90/ф90 | D44: бр. | E44: 1 | F44: ='Ед. Цени'!F105 -> 53.66 | G44: =ROUND((E44*F44),2) -> 53.66
A45: 35 | B45: Анализ 96 | C45: ТСК ф2" | D45: бр. | E45: 1 | F45: ='Ед. Цени'!F116 -> 136.62 | G45: =ROUND((E45*F45),2) -> 136.62
A46: 36 | B46: анализ 38 | C46: ФС Ф80 | D46: бр. | E46: 1 | F46: ='Ед. Цени'!F58 -> 39.45 | G46: =ROUND((E46*F46),2) -> 39.45
A47: 37 | B47: анализ 39 | C47: Хидравлично изпитване на водопровод | D47: л.м. | E47: 160.4 | F47: ='Ед. Цени'!F59 -> 1.78 | G47: =ROUND((E47*F47),2) -> 285.51
A48: 38 | B48: анализ 40 | C48: Дезинфекция на водопровод | D48: л.м. | E48: 160.4 | F48: ='Ед. Цени'!F60 -> 1.61 | G48: =ROUND((E48*F48),2) -> 258.24
A49: 39 | B49: анализ 41 | C49: Укрепване на гърне за СК | D49: бр. | E49: 2 | F49: ='Ед. Цени'!F61 -> 10.45 | G49: =ROUND((E49*F49),2) -> 20.9
A50: 40 | B50: анализ 42 | C50: Доставка и монтаж на табели за СК | D50: бр. | E50: 1 | F50: ='Ед. Цени'!F62 -> 18.52 | G50: =ROUND((E50*F50),2) -> 18.52
A51: 41 | B51: анализ 43 | C51: Доставка и монтаж на табели за ПХ | D51: бр. | E51: 1 | F51: ='Ед. Цени'!F63 -> 18.52 | G51: =ROUND((E51*F51),2) -> 18.52
A52: 42 | B52: анализ 44 | C52: Демонтаж и възстановяване на улични бордюри за СВО и ПХ | D52: л.м. | E52: 4 | F52: ='Ед. Цени'!F64 -> 8.95 | G52: =ROUND((E52*F52),2) -> 35.8
A53: 43 | B53: анализ 45 | C53: Доставка, полагане и валиране каменна фракция 35/75 с Н=40см | D53: м3 | E53: 89.544 | F53: ='Ед. Цени'!F65 -> 18.94 | G53: =ROUND((E53*F53),2) -> 1695.96
A54: 44 | B54: анализ 46 | C54: Битумна разливка | D54: м2 | E54: 223.86 | F54: ='Ед. Цени'!F66 -> 1.77 | G54: =ROUND((E54*F54),2) -> 396.23
A55: 45 | B55: анализ 47 | C55: Доставка и полагане на неплътен асфалт 5 см | D55: тон | E55: 26.8632 | F55: ='Ед. Цени'!F67 -> 125.37 | G55: =ROUND((E55*F55),2) -> 3367.84
A56: 46 | B56: анализ 48 | C56: Доставка и монтажна сигнална лента над водопровода | D56: л.м. | E56: 160.4 | F56: ='Ед. Цени'!F68 -> 0.92 | G56: =ROUND((E56*F56),2) -> 147.57
A57: 47 | B57: анализ 49 | C57: Доставка и монтажна детекторна лента над водопровода | D57: л.м. | E57: 160.4 | F57: ='Ед. Цени'!F69 -> 1.41 | G57: =ROUND((E57*F57),2) -> 226.16
C58: Общо за част Водоснабдяване: | G58: =SUM(G11:G57) -> 29658.75
A59: II. ЧАСТ ВЪЗСТАНОВЯВАНЕ НА НАСТИЛКАТА
A60: 1 | B60: анализ 50 | C60: Изкоп на земни почви с багер на транспорт | D60: м3 | E60: 30.86 | F60: ='Ед. Цени'!F70 -> 7.8 | G60: =ROUND((E60*F60),2) -> 240.71
A61: 2 | B61: анализ 51 | C61: Изкоп ръчен в земни почви | D61: м3 | E61: 13.22 | F61: ='Ед. Цени'!F71 -> 16.63 | G61: =ROUND((E61*F61),2) -> 219.85
A62: 3 | B62: анализ 52 | C62: Почистване на реголи и настилки от кал | D62: м2 | E62: 72.96 | F62: ='Ед. Цени'!F72 -> 6.09 | G62: =ROUND((E62*F62),2) -> 444.33
A63: 4 | B63: анализ 53 | C63: Натоварване разк. земна почва на транспорт с багер | D63: м3 | E63: 15.86 | F63: ='Ед. Цени'!F73 -> 1.64 | G63: =ROUND((E63*F63),2) -> 26.01
A64: 5 | B64: анализ 54 | C64: Извозване на депо земни почви до 10 км | D64: м3 | E64: 45.6 | F64: ='Ед. Цени'!F74 -> 8.54 | G64: =ROUND((E64*F64),2) -> 389.42
A65: 6 | B65: анализ 7 | C65: Разриване с булдозер на земни маси | D65: м3 | E65: 45.6 | F65: ='Ед. Цени'!F27 -> 1.98 | G65: =ROUND((E65*F65),2) -> 90.29
A66: 7 | B66: анализ 55 | C66: Фрезоване на асфалт | D66: м2 | E66: 782.8 | F66: ='Ед. Цени'!F75 -> 1.78 | G66: =ROUND((E66*F66),2) -> 1393.38
A67: 8 | B67: анализ 56 | C67: Натоварване на отпадъци на транспорт с багер | D67: м3 | E67: 36.48 | F67: ='Ед. Цени'!F76 -> 1.78 | G67: =ROUND((E67*F67),2) -> 64.93
A68: 9 | B68: анализ 57 | C68: Извозване на асфалтови отпадъци на 80 км | D68: т | E68: 53.2 | F68: ='Ед. Цени'!F77 -> 21.54 | G68: =ROUND((E68*F68),2) -> 1145.93
A69: 10 | B69: анализ 58 | C69: Демонтаж бордюри | D69: м | E69: 105 | F69: ='Ед. Цени'!F78 -> 6.93 | G69: =ROUND((E69*F69),2) -> 727.65
A70: 11 | B70: анализ 59 | C70: Доставка и монтаж на бетонови бордюри 15/25/50 | D70: м | E70: 105 | F70: ='Ед. Цени'!F79 -> 27.54 | G70: =ROUND((E70*F70),2) -> 2891.7
A71: 12 | B71: анализ 60 | C71: Разкъртване на стара трош. настилка | D71: м2 | E71: 85.12 | F71: ='Ед. Цени'!F80 -> 7.88 | G71: =ROUND((E71*F71),2) -> 670.75
A72: 13 | B72: анализ 61 | C72: Изкърпване на трошенокаменна настилка - деб. 0.35 м | D72: м2 | E72: 85.12 | F72: ='Ед. Цени'!F81 -> 14.48 | G72: =ROUND((E72*F72),2) -> 1232.54
A73: 14 | B73: анализ 62 | C73: Изкърпване на трошенокаменна настилка деб. до - 0.10 м | D73: м2 | E73: 691.6 | F73: ='Ед. Цени'!F82 -> 11.72 | G73: =ROUND((E73*F73),2) -> 8105.55
A74: 15 | B74: анализ 63 | C74: Почистване и грундиране настилки | D74: м2 | E74: 934.8 | F74: ='Ед. Цени'!F83 -> 1.89 | G74: =ROUND((E74*F74),2) -> 1766.77
A75: 16 | B75: анализ 64 | C75: Машинно полагане на плътна асфалтова смес - 5 см. | D75: т | E75: 112.176 | F75: ='Ед. Цени'!F84 -> 134.12 | G75: =ROUND((E75*F75),2) -> 15045.05
C77: Общо за част Възстановяване на настилката: | G77: =SUM(G60:G75) -> 34454.86
C78: ВСИЧКО СМР: | G78: =SUM(G58+G77) -> 64113.61
C79: ДДС 20 %0 ЧАСТ ПЪТНА: | G79: =+G77*0.2 -> 6890.972
C80: ОБЩО СМР: | G80: =+G79+G78 -> 71004.582

Sheet кл.25.1
A1: Обект: Реконструкция на компрометирани участъци от водопроводната мрежа в с.Апарухово, Общ.Дългопол- етап 2
A2: Възложител: Община Дългопол
A4: KОЛИЧЕСТВЕНО- СТОЙНОСТНА СМЕТКА - Клон 25.1 /о.т.40 до о.т.43/
A7: № | C7: Вид СМР | D7: М-ка | E7: Количество | F7: Ед. цена | G7: Стойност
A10: 1 | C10: 2 | D10: 3 | E10: 4 | F10: 5 | G10: 6
A11: I. ЧАСТ ВОДОСНАБДЯВАНЕ
A12: 1 | B12: анализ 1 | C12: Рязане с фугорез на асфалтова настилка | D12: л.м. | E12: 674.8 | F12: ='Ед. Цени'!F21 -> 3.53 | G12: =ROUND((E12*F12),2) -> 2382.04
A13: 2 | B13: анализ 2 | C13: Разваляне асфалтова настилка | D13: м2 | E13: 472.36 | F13: ='Ед. Цени'!F22 -> 6.89 | G13: =ROUND((E13*F13),2) -> 3254.56
A14: 3 | B14: анализ 3 | C14: Изкоп с багер на отвал ЗП неукрепен - спада се от т.4 | D14: м3 | E14: 444.91293 | F14: ='Ед. Цени'!F23 -> 5.5 | G14: =ROUND((E14*F14),2) -> 2447.02
A15: 4 | B15: Анализ 65 | C15: Изкоп с дълб. до 2м. ръчно - 30% от машинния | D15: м3 | E15: 190.67697 | F15: ='Ед. Цени'!F85 -> 24.35 | G15: =ROUND((E15*F15),2) -> 4642.98
A16: 5 | B16: анализ 5 | C16: Прехвърляне на изкопана земна маса на 2,00 м вертикално и хоризонтално | D16: м3 | E16: 190.67697 | F16: ='Ед. Цени'!F25 -> 12.47 | G16: =ROUND((E16*F16),2) -> 2377.74
A17: 6 | B17: анализ 6 | C17: Натоварване излишната пръст с багер на самосвал | D17: м3 | E17: 635.5899 | F17: ='Ед. Цени'!F26 -> 2.79 | G17: =ROUND((E17*F17),2) -> 1773.3
A18: 7 | B18: анализ 7 | C18: Разриване с булдозер на земни маси | D18: м3 | E18: 635.5899 | F18: ='Ед. Цени'!F27 -> 1.98 | G18: =ROUND((E18*F18),2) -> 1258.47
A19: 8 | B19: анализ 8 | C19: Превоз на земни маси със самосвал до 5км. | D19: м3 | E19: 635.5899 | F19: ='Ед. Цени'!F28 -> 2.79 | G19: =ROUND((E19*F19),2) -> 1773.3
A20: 9 | B20: анализ 9 | C20: Неплътно укрепване и разкрепване на изкопи | D20: м2 | E20: 1153.908 | F20: ='Ед. Цени'!F29 -> 2.42 | G20: =ROUND((E20*F20),2) -> 2792.46
A21: 10 | B21: анализ 10 | C21: Доставка на пясък със самосвал на 10км. | D21: м3 | E21: 185.845 | F21: ='Ед. Цени'!F30 -> 19.04 | G21: =ROUND((E21*F21),2) -> 3538.49
A22: 11 | B22: анализ 11 | C22: Превоз с ръчни колички на пясък на 50м | D22: м3 | E22: 185.845 | F22: ='Ед. Цени'!F31 -> 6.14 | G22: =ROUND((E22*F22),2) -> 1141.09
A23: 12 | B23: анализ 12 | C23: Подложка от пясък 10см. | D23: м3 | E23: 37.169 | F23: ='Ед. Цени'!F32 -> 8.17 | G23: =ROUND((E23*F23),2) -> 303.67
A24: 13 | B24: анализ 13 | C24: Засипване на тръби с пясък - 40см. | D24: м3 | E24: 148.676 | F24: ='Ед. Цени'!F33 -> 4.75 | G24: =ROUND((E24*F24),2) -> 706.21
A25: 14 | B25: анализ 14 | C25: Уплътняване на пясък с пневматична трамбовка | D25: м3 | E25: 185.845 | F25: ='Ед. Цени'!F34 -> 3.66 | G25: =ROUND((E25*F25),2) -> 680.19
A26: 15 | B26: анализ 15 | C26: Доставка на нестандартна скална маса от кариера на 5км | D26: м3 | E26: 301.2889 | F26: ='Ед. Цени'!F35 -> 17.82 | G26: =ROUND((E26*F26),2) -> 5368.97
A27: 16 | B27: анализ 16 | C27: Превоз с ръчни колички на скална маса на 50м | D27: м3 | E27: 301.2889 | F27: ='Ед. Цени'!F36 -> 6.14 | G27: =ROUND((E27*F27),2) -> 1849.91
... A32: 21 | B32: анализ 21 | C32: Извозване асфалтови отпадъци със самосвал до 5км. | D32: м3 | E32: 47.236 | F32: ='Ед. Цени'!F41 -> 2.3 | G32: =ROUND((E32*F32),2) -> 108.64
A33: 22 | B33: анализ 23 | C33: Полагане ПЕВП тръби ø90мм. | D33: л.м. | E33: 251.9 | F33: ='Ед. Цени'!F43 -> 26.13 | G33: =ROUND((E33*F33),2) -> 6582.15
A34: 23 | B34: анализ 24 | C34: Полагане ПЕВП тръби ø32мм. | D34: л.м. | E34: 86 | F34: ='Ед. Цени'!F44 -> 7.79 | G34: =ROUND((E34*F34),2) -> 669.94
A35: 24 | B35: Анализ 97 | C35: Дъга ф90/21 | D35: бр. | E35: 1 | F35: ='Ед. Цени'!F117 -> 42.09 | G35: =ROUND((E35*F35),2) -> 42.09
A36: 25 | B36: анализ 25 | C36: БОБ | D36: бр. | E36: 6 | F36: ='Ед. Цени'!F45 -> 14.87 | G36: =ROUND((E36*F36),2) -> 89.22
A37: 26 | B37: Анализ 88 | C37: ВС ф90/1" | D37: бр. | E37: 18 | F37: ='Ед. Цени'!F108 -> 57.71 | G37: =ROUND((E37*F37),2) -> 1038.78
A38: 27 | B38: Анализ 98 | C38: Дъга ф90/24 | D38: бр. | E38: 1 | F38: ='Ед. Цени'!F118 -> 42.69 | G38: =ROUND((E38*F38),2) -> 42.69
A39: 28 | B39: анализ 29 | C39: Заварка ф90 | D39: бр. | E39: 32.45 | F39: ='Ед. Цени'!F49 -> 15.4 | G39: =ROUND((E39*F39),2) -> 499.73
A40: 29 | B40: анализ 30 | C40: Ко ф32/1" | D40: бр. | E40: 18 | F40: ='Ед. Цени'!F50 -> 15.9 | G40: =ROUND((E40*F40),2) -> 286.2
A41: 30 | B41: анализ 31 | C41: ПМ ф32/1" | D41: бр. | E41: 18 | F41: ='Ед. Цени'!F51 -> 18.32 | G41: =ROUND((E41*F41),2) -> 329.76
A42: 31 | B42: анализ 32 | C42: ПП. Фл. ф90 | D42: бр. | E42: 3 | F42: ='Ед. Цени'!F52 -> 35.82 | G42: =ROUND((E42*F42),2) -> 107.46
A43: 32 | B43: анализ 33 | C43: ПХ ф70/80 | D43: бр. | E43: 1 | F43: ='Ед. Цени'!F53 -> 324.5 | G43: =ROUND((E43*F43),2) -> 324.5
A44: 33 | B44: анализ 34 | C44: Св. Фл. ф80 | D44: бр. | E44: 3 | F44: ='Ед. Цени'!F54 -> 39.45 | G44: =ROUND((E44*F44),2) -> 118.35
A45: 34 | B45: анализ 35 | C45: СК ф80 с охр. гарн. | D45: бр. | E45: 2 | F45: ='Ед. Цени'!F55 -> 150.7 | G45: =ROUND((E45*F45),2) -> 301.4
A46: 35 | B46: Анализ 85 | C46: Т ф90/ф90 | D46: бр. | E46: 2 | F46: ='Ед. Цени'!F105 -> 53.66 | G46: =ROUND((E46*F46),2) -> 107.32
A47: 36 | B47: анализ 37 | C47: ТСК ф1" | D47: бр. | E47: 18 | F47: ='Ед. Цени'!F57 -> 132.99 | G47: =ROUND((E47*F47),2) -> 2393.82
A48: 37 | B48: анализ 38 | C48: ФС Ф80 | D48: бр. | E48: 3 | F48: ='Ед. Цени'!F58 -> 39.45 | G48: =ROUND((E48*F48),2) -> 118.35
A49: 38 | B49: анализ 39 | C49: Хидравлично изпитване на водопровод | D49: л.м. | E49: 337.9 | F49: ='Ед. Цени'!F59 -> 1.78 | G49: =ROUND((E49*F49),2) -> 601.46
A50: 39 | B50: анализ 40 | C50: Дезинфекция на водопровод | D50: л.м. | E50: 337.9 | F50: ='Ед. Цени'!F60 -> 1.61 | G50: =ROUND((E50*F50),2) -> 544.02
A51: 40 | B51: анализ 41 | C51: Укрепване на гърне за СК | D51: бр. | E51: 20 | F51: ='Ед. Цени'!F61 -> 10.45 | G51: =ROUND((E51*F51),2) -> 209
A52: 41 | B52: анализ 42 | C52: Доставка и монтаж на табели за СК | D52: бр. | E52: 2 | F52: ='Ед. Цени'!F62 -> 18.52 | G52: =ROUND((E52*F52),2) -> 37.04
A53: 42 | B53: анализ 43 | C53: Доставка и монтаж на табели за ПХ | D53: бр. | E53: 1 | F53: ='Ед. Цени'!F63 -> 18.52 | G53: =ROUND((E53*F53),2) -> 18.52
A54: 43 | B54: анализ 44 | C54: Демонтаж и възстановяване на улични бордюри за СВО и ПХ | D54: л.м. | E54: 38 | F54: ='Ед. Цени'!F64 -> 8.95 | G54: =ROUND((E54*F54),2) -> 340.1
A55: 44 | B55: анализ 45 | C55: Доставка, полагане и валиране каменна фракция 35/75 с Н=40см | D55: м3 | E55: 188.944 | F55: ='Ед. Цени'!F65 -> 18.94 | G55: =ROUND((E55*F55),2) -> 3578.6
A56: 45 | B56: анализ 46 | C56: Битумна разливка | D56: м2 | E56: 472.36 | F56: ='Ед. Цени'!F66 -> 1.77 | G56: =ROUND((E56*F56),2) -> 836.08
A57: 46 | B57: анализ 47 | C57: Доставка и полагане на неплътен асфалт 5 см | D57: тон | E57: 56.6832 | F57: ='Ед. Цени'!F67 -> 125.37 | G57: =ROUND((E57*F57),2) -> 7106.37
A58: 47 | B58: анализ 48 | C58: Доставка и монтажна сигнална лента над водопровода | D58: л.м. | E58: 337.9 | F58: ='Ед. Цени'!F68 -> 0.92 | G58: =ROUND((E58*F58),2) -> 310.87
A59: 48 | B59: анализ 49 | C59: Доставка и монтажна детекторна лента над водопровода | D59: л.м. | E59: 337.9 | F59: ='Ед. Цени'!F69 -> 1.41 | G59: =ROUND((E59*F59),2) -> 476.44
C60: Общо за част Водоснабдяване: | G60: =SUM(G12:G59) -> 65005.51
A61: II. ЧАСТ ВЪЗСТАНОВЯВАНЕ НА НАСТИЛКАТА
A62: 1 | B62: анализ 50 | C62: Изкоп на земни почви с багер на транспорт | D62: м3 | E62: 51.16 | F62: ='Ед. Цени'!F70 -> 7.8 | G62: =ROUND((E62*F62),2) -> 399.05
A63: 2 | B63: анализ 51 | C63: Изкоп ръчен в земни почви | D63: м3 | E63: 21.92 | F63: ='Ед. Цени'!F71 -> 16.63 | G63: =ROUND((E63*F63),2) -> 364.53
A64: 3 | B64: анализ 52 | C64: Почистване на реголи и настилки от кал | D64: м2 | E64: 120.96 | F64: ='Ед. Цени'!F72 -> 6.09 | G64: =ROUND((E64*F64),2) -> 736.65
A65: 4 | B65: анализ 53 | C65: Натоварване разк. земна почва на транспорт с багер | D65: м3 | E65: 26.3 | F65: ='Ед. Цени'!F73 -> 1.64 | G65: =ROUND((E65*F65),2) -> 43.13
A66: 5 | B66: анализ 54 | C66: Извозване на депо земни почви до 10 км | D66: м3 | E66: 75.6 | F66: ='Ед. Цени'!F74 -> 8.54 | G66: =ROUND((E66*F66),2) -> 645.62
A67: 6 | B67: анализ 7 | C67: Разриване с булдозер на земни маси | D67: м3 | E67: 75.6 | F67: ='Ед. Цени'!F27 -> 1.98 | G67: =ROUND((E67*F67),2) -> 149.69
A68: 7 | B68: анализ 55 | C68: Фрезоване на асфалт | D68: м2 | E68: 1260 | F68: ='Ед. Цени'!F75 -> 1.78 | G68: =ROUND((E68*F68),2) -> 2242.8
A69: 8 | B69: анализ 56 | C69: Натоварване на отпадъци на транспорт с багер | D69: м3 | E69: 60.48 | F69: ='Ед. Цени'!F76 -> 1.78 | G69: =ROUND((E69*F69),2) -> 107.65
A70: 9 | B70: анализ 57 | C70: Извозване на асфалтови отпадъци на 80 км | D70: т | E70: 88.2 | F70: ='Ед. Цени'!F77 -> 21.54 | G70: =ROUND((E70*F70),2) -> 1899.83
A71: 10 | B71: анализ 58 | C71: Демонтаж бордюри | D71: м | E71: 150 | F71: ='Ед. Цени'!F78 -> 6.93 | G71: =ROUND((E71*F71),2) -> 1039.5
A72: 11 | B72: анализ 59 | C72: Доставка и монтаж на бетонови бордюри 15/25/50 | D72: м | E72: 150 | F72: ='Ед. Цени'!F79 -> 27.54 | G72: =ROUND((E72*F72),2) -> 4131
A73: 12 | B73: анализ 60 | C73: Разкъртване на стара трош. настилка | D73: м2 | E73: 141.12 | F73: ='Ед. Цени'!F80 -> 7.88 | G73: =ROUND((E73*F73),2) -> 1112.03
A74: 13 | B74: анализ 61 | C74: Изкърпване на трошенокаменна настилка - деб. 0.35 м | D74: м2 | E74: 141.12 | F74: ='Ед. Цени'!F81 -> 14.48 | G74: =ROUND((E74*F74),2) -> 2043.42
A75: 14 | B75: анализ 62 | C75: Изкърпване на трошенокаменна настилка деб. до - 0.10 м | D75: м2 | E75: 1146.6 | F75: ='Ед. Цени'!F82 -> 11.72 | G75: =ROUND((E75*F75),2) -> 13438.15
A76: 15 | B76: анализ 63 | C76: Почистване и грундиране настилки | D76: м2 | E76: 1512 | F76: ='Ед. Цени'!F83 -> 1.89 | G76: =ROUND((E76*F76),2) -> 2857.68
A77: 16 | B77: анализ 64 | C77: Машинно полагане на плътна асфалтова смес - 5 см. | D77: т | E77: 181.44 | F77: ='Ед. Цени'!F84 -> 134.12 | G77: =ROUND((E77*F77),2) -> 24334.73
C79: Общо за част Възстановяване на настилката: | G79: =SUM(G62:G77) -> 55545.46
C80: ВСИЧКО СМР: | G80: =SUM(G60+G79) -> 120550.97
C81: ДДС 20 %0 ЧАСТ ПЪТНА: | G81: =+G79*0.2 -> 11109.092
C82: ОБЩО СМР: | G82: =+G81+G80 -> 131660.06

Sheet кл.25.2
A1: Обект: Реконструкция на компрометирани участъци от водопроводната мрежа в с.Апарухово, Общ.Дългопол- етап 2
A2: Възложител: Община Дългопол
A4: KОЛИЧЕСТВЕНО- СТОЙНОСТНА СМЕТКА - Клон 25.2 /о.т.43 до о.т.61/
A6: № | C6: Вид СМР | D6: М-ка | E6: Количество | F6: Ед. цена | G6: Стойност
A9: 1 | C9: 2 | D9: 3 | E9: 4 | F9: 5 | G9: 6
A10: I. ЧАСТ ВОДОСНАБДЯВАНЕ
A11: 1 | B11: анализ 1 | C11: Рязане с фугорез на асфалтова настилка | D11: л.м. | E11: 297.8 | F11: ='Ед. Цени'!F21 -> 3.53 | G11: =ROUND((E11*F11),2) -> 1051.23
A12: 2 | B12: анализ 2 | C12: Разваляне асфалтова настилка | D12: м2 | E12: 208.46 | F12: ='Ед. Цени'!F22 -> 6.89 | G12: =ROUND((E12*F12),2) -> 1436.29
A13: 3 | B13: анализ 3 | C13: Изкоп с багер на отвал ЗП неукрепен - спада се от т.4 | D13: м3 | E13: 196.71498 | F13: ='Ед. Цени'!F23 -> 5.5 | G13: =ROUND((E13*F13),2) -> 1081.93
A14: 4 | B14: Анализ 65 | C14: Изкоп с дълб. до 2м. ръчно - 30% от машинния | D14: м3 | E14: 84.30642 | F14: ='Ед. Цени'!F85 -> 24.35 | G14: =ROUND((E14*F14),2) -> 2052.86
A15: 5 | B15: анализ 5 | C15: Прехвърляне на изкопана земна маса на 2,00 м вертикално и хоризонтално | D15: м3 | E15: 84.30642 | F15: ='Ед. Цени'!F25 -> 12.47 | G15: =ROUND((E15*F15),2) -> 1051.3
A16: 6 | B16: анализ 6 | C16: Натоварване излишната пръст с багер на самосвал | D16: м3 | E16: 281.0214 | F16: ='Ед. Цени'!F26 -> 2.79 | G16: =ROUND((E16*F16),2) -> 784.05
A17: 7 | B17: анализ 7 | C17: Разриване с булдозер на земни маси | D17: м3 | E17: 281.0214 | F17: ='Ед. Цени'!F27 -> 1.98 | G17: =ROUND((E17*F17),2) -> 556.42
A18: 8 | B18: анализ 8 | C18: Превоз на земни маси със самосвал до 5км. | D18: м3 | E18: 281.0214 | F18: ='Ед. Цени'!F28 -> 2.79 | G18: =ROUND((E18*F18),2) -> 784.05
A19: 9 | B19: анализ 9 | C19: Неплътно укрепване и разкрепване на изкопи | D19: м2 | E19: 509.238 | F19: ='Ед. Цени'!F29 -> 2.42 | G19: =ROUND((E19*F19),2) -> 1232.36
A20: 10 | B20: анализ 10 | C20: Доставка на пясък със самосвал на 10км. | D20: м3 | E20: 79.97 | F20: ='Ед. Цени'!F30 -> 19.04 | G20: =ROUND((E20*F20),2) -> 1522.63
A21: 11 | B21: анализ 11 | C21: Превоз с ръчни колички на пясък на 50м | D21: м3 | E21: 79.97 | F21: ='Ед. Цени'!F31 -> 6.14 | G21: =ROUND((E21*F21),2) -> 491.02
A22: 12 | B22: анализ 12 | C22: Подложка от пясък 10см. | D22: м3 | E22: 15.994 | F22: ='Ед. Цени'!F32 -> 8.17 | G22: =ROUND((E22*F22),2) -> 130.67
A23: 13 | B23: анализ 13 | C23: Засипване на тръби с пясък - 40см. | D23: м3 | E23: 63.976 | F23: ='Ед. Цени'!F33 -> 4.75 | G23: =ROUND((E23*F23),2) -> 303.89
A24: 14 | B24: анализ 14 | C24: Уплътняване на пясък с пневматична трамбовка | D24: м3 | E24: 79.97 | F24: ='Ед. Цени'!F34 -> 3.66 | G24: =ROUND((E24*F24),2) -> 292.69
A25: 15 | B25: анализ 15 | C25: Доставка на нестандартна скална маса от кариера на 5км | D25: м3 | E25: 135.5354 | F25: ='Ед. Цени'!F35 -> 17.82 | G25: =ROUND((E25*F25),2) -> 2415.24
A26: 16 | B26: анализ 16 | C26: Превоз с ръчни колички на скална маса на 50м | D26: м3 | E26: 135.5354 | F26: ='Ед. Цени'!F36 -> 6.14 | G26: =ROUND((E26*F26),2) -> 832.19
... A31: 21 | B31: анализ 21 | C31: Извозване асфалтови отпадъци със самосвал до 5км. | D31: м3 | E31: 20.846 | F31: ='Ед. Цени'!F41 -> 2.3 | G31: =ROUND((E31*F31),2) -> 47.95
A32: 22 | B32: анализ 23 | C32: Полагане ПЕВП тръби ø90мм. | D32: л.м. | E32: 145.4 | F32: ='Ед. Цени'!F43 -> 26.13 | G32: =ROUND((E32*F32),2) -> 3799.3
A33: 23 | B33: анализ 24 | C33: Полагане ПЕВП тръби ø32мм. | D33: л.м. | E33: 4 | F33: ='Ед. Цени'!F44 -> 7.79 | G33: =ROUND((E33*F33),2) -> 31.16
A34: 24 | B34: анализ 25 | C34: БОБ | D34: бр. | E34: 8 | F34: ='Ед. Цени'!F45 -> 14.87 | G34: =ROUND((E34*F34),2) -> 118.96
A35: 25 | B35: Анализ 88 | C35: ВС ф90/1" | D35: бр. | E35: 1 | F35: ='Ед. Цени'!F108 -> 57.71 | G35: =ROUND((E35*F35),2) -> 57.71
A36: 26 | B36: Анализ 99 | C36: Дъга ф90/10 | D36: бр. | E36: 3 | F36: ='Ед. Цени'!F119 -> 40.51 | G36: =ROUND((E36*F36),2) -> 121.53
A37: 27 | B37: Анализ 89 | C37: Дъга ф90/12 | D37: бр. | E37: 1 | F37: ='Ед. Цени'!F109 -> 41.12 | G37: =ROUND((E37*F37),2) -> 41.12
A38: 28 | B38: анализ 29 | C38: Заварка ф90 | D38: бр. | E38: 26.575 | F38: ='Ед. Цени'!F49 -> 15.4 | G38: =ROUND((E38*F38),2) -> 409.26
A39: 29 | B39: анализ 30 | C39: Ко ф32/1" | D39: бр. | E39: 1 | F39: ='Ед. Цени'!F50 -> 15.9 | G39: =ROUND((E39*F39),2) -> 15.9
A40: 30 | B40: анализ 31 | C40: ПМ ф32/1" | D40: бр. | E40: 1 | F40: ='Ед. Цени'!F51 -> 18.32 | G40: =ROUND((E40*F40),2) -> 18.32
A41: 31 | B41: анализ 32 | C41: ПП. Фл. ф90 | D41: бр. | E41: 3 | F41: ='Ед. Цени'!F52 -> 35.82 | G41: =ROUND((E41*F41),2) -> 107.46
A42: 32 | B42: анализ 33 | C42: ПХ ф70/80 | D42: бр. | E42: 1 | F42: ='Ед. Цени'!F53 -> 324.5 | G42: =ROUND((E42*F42),2) -> 324.5
A43: 33 | B43: анализ 34 | C43: Св. Фл. ф80 | D43: бр. | E43: 3 | F43: ='Ед. Цени'!F54 -> 39.45 | G43: =ROUND((E43*F43),2) -> 118.35
A44: 34 | B44: анализ 35 | C44: СК ф80 с охр. гарн. | D44: бр. | E44: 2 | F44: ='Ед. Цени'!F55 -> 150.7 | G44: =ROUND((E44*F44),2) -> 301.4
A45: 35 | B45: Анализ 85 | C45: Т ф90/ф90 | D45: бр. | E45: 2 | F45: ='Ед. Цени'!F105 -> 53.66 | G45: =ROUND((E45*F45),2) -> 107.32
A46: 36 | B46: анализ 37 | C46: ТСК ф1" | D46: бр. | E46: 1 | F46: ='Ед. Цени'!F57 -> 132.99 | G46: =ROUND((E46*F46),2) -> 132.99
A47: 37 | B47: анализ 38 | C47: ФС Ф80 | D47: бр. | E47: 3 | F47: ='Ед. Цени'!F58 -> 39.45 | G47: =ROUND((E47*F47),2) -> 118.35
A48: 38 | B48: анализ 39 | C48: Хидравлично изпитване на водопровод | D48: л.м. | E48: 149.4 | F48: ='Ед. Цени'!F59 -> 1.78 | G48: =ROUND((E48*F48),2) -> 265.93
A49: 39 | B49: анализ 40 | C49: Дезинфекция на водопровод | D49: л.м. | E49: 149.4 | F49: ='Ед. Цени'!F60 -> 1.61 | G49: =ROUND((E49*F49),2) -> 240.53
A50: 40 | B50: анализ 41 | C50: Укрепване на гърне за СК | D50: бр. | E50: 3 | F50: ='Ед. Цени'!F61 -> 10.45 | G50: =ROUND((E50*F50),2) -> 31.35
A51: 41 | B51: анализ 42 | C51: Доставка и монтаж на табели за СК | D51: бр. | E51: 2 | F51: ='Ед. Цени'!F62 -> 18.52 | G51: =ROUND((E51*F51),2) -> 37.04
A52: 42 | B52: анализ 43 | C52: Доставка и монтаж на табели за ПХ | D52: бр. | E52: 1 | F52: ='Ед. Цени'!F63 -> 18.52 | G52: =ROUND((E52*F52),2) -> 18.52
A53: 43 | B53: анализ 44 | C53: Демонтаж и възстановяване на улични бордюри за СВО и ПХ | D53: л.м. | E53: 4 | F53: ='Ед. Цени'!F64 -> 8.95 | G53: =ROUND((E53*F53),2) -> 35.8
A54: 44 | B54: анализ 45 | C54: Доставка, полагане и валиране каменна фракция 35/75 с Н=40см | D54: м3 | E54: 83.384 | F54: ='Ед. Цени'!F65 -> 18.94 | G54: =ROUND((E54*F54),2) -> 1579.29
A55: 45 | B55: анализ 46 | C55: Битумна разливка | D55: м2 | E55: 208.46 | F55: ='Ед. Цени'!F66 -> 1.77 | G55: =ROUND((E55*F55),2) -> 368.97
A56: 46 | B56: анализ 47 | C56: Доставка и полагане на неплътен асфалт 5 см | D56: тон | E56: 25.0152 | F56: ='Ед. Цени'!F67 -> 125.37 | G56: =ROUND((E56*F56),2) -> 3136.16
A57: 47 | B57: анализ 48 | C57: Доставка и монтажна сигнална лента над водопровода | D57: л.м. | E57: 149.4 | F57: ='Ед. Цени'!F68 -> 0.92 | G57: =ROUND((E57*F57),2) -> 137.45
A58: 48 | B58: анализ 49 | C58: Доставка и монтажна детекторна лента над водопровода | D58: л.м. | E58: 149.4 | F58: ='Ед. Цени'!F69 -> 1.41 | G58: =ROUND((E58*F58),2) -> 210.65
C59: Общо за част Водоснабдяване: | G59: =SUM(G11:G58) -> 28620.83
A60: II. ЧАСТ ВЪЗСТАНОВЯВАНЕ НА НАСТИЛКАТА
A61: 1 | B61: анализ 50 | C61: Изкоп на земни почви с багер на транспорт | D61: м3 | E61: 29.44 | F61: ='Ед. Цени'!F70 -> 7.8 | G61: =ROUND((E61*F61),2) -> 229.63
A62: 2 | B62: анализ 51 | C62: Изкоп ръчен в земни почви | D62: м3 | E62: 12.61 | F62: ='Ед. Цени'!F71 -> 16.63 | G62: =ROUND((E62*F62),2) -> 209.7
A63: 3 | B63: анализ 52 | C63: Почистване на реголи и настилки от кал | D63: м2 | E63: 69.6 | F63: ='Ед. Цени'!F72 -> 6.09 | G63: =ROUND((E63*F63),2) -> 423.86
A64: 4 | B64: анализ 53 | C64: Натоварване разк. земна почва на транспорт с багер | D64: м3 | E64: 15.13 | F64: ='Ед. Цени'!F73 -> 1.64 | G64: =ROUND((E64*F64),2) -> 24.81
A65: 5 | B65: анализ 54 | C65: Извозване на депо земни почви до 10 км | D65: м3 | E65: 43.5 | F65: ='Ед. Цени'!F74 -> 8.54 | G65: =ROUND((E65*F65),2) -> 371.49
A66: 6 | B66: анализ 7 | C66: Разриване с булдозер на земни маси | D66: м3 | E66: 43.5 | F66: ='Ед. Цени'!F27 -> 1.98 | G66: =ROUND((E66*F66),2) -> 86.13
A67: 7 | B67: анализ 55 | C67: Фрезоване на асфалт | D67: м2 | E67: 725 | F67: ='Ед. Цени'!F75 -> 1.78 | G67: =ROUND((E67*F67),2) -> 1290.5
A68: 8 | B68: анализ 56 | C68: Натоварване на отпадъци на транспорт с багер | D68: м3 | E68: 34.8 | F68: ='Ед. Цени'!F76 -> 1.78 | G68: =ROUND((E68*F68),2) -> 61.94
A69: 9 | B69: анализ 57 | C69: Извозване на асфалтови отпадъци на 80 км | D69: т | E69: 50.75 | F69: ='Ед. Цени'!F77 -> 21.54 | G69: =ROUND((E69*F69),2) -> 1093.16
A70: 10 | B70: анализ 58 | C70: Демонтаж бордюри | D70: м | E70: 100 | F70: ='Ед. Цени'!F78 -> 6.93 | G70: =ROUND((E70*F70),2) -> 693
A71: 11 | B71: анализ 59 | C71: Доставка и монтаж на бетонови бордюри 15/25/50 | D71: м | E71: 100 | F71: ='Ед. Цени'!F79 -> 27.54 | G71: =ROUND((E71*F71),2) -> 2754
A72: 12 | B72: анализ 60 | C72: Разкъртване на стара трош. настилка | D72: м2 | E72: 81.2 | F72: ='Ед. Цени'!F80 -> 7.88 | G72: =ROUND((E72*F72),2) -> 639.86
A73: 13 | B73: анализ 61 | C73: Изкърпване на трошенокаменна настилка - деб. 0.35 м | D73: м2 | E73: 81.2 | F73: ='Ед. Цени'!F81 -> 14.48 | G73: =ROUND((E73*F73),2) -> 1175.78
A74: 14 | B74: анализ 62 | C74: Изкърпване на трошенокаменна настилка деб. до - 0.10 м | D74: м2 | E74: 659.75 | F74: ='Ед. Цени'!F82 -> 11.72 | G74: =ROUND((E74*F74),2) -> 7732.27
A75: 15 | B75: анализ 63 | C75: Почистване и грундиране настилки | D75: м2 | E75: 870 | F75: ='Ед. Цени'!F83 -> 1.89 | G75: =ROUND((E75*F75),2) -> 1644.3
A76: 16 | B76: анализ 64 | C76: Машинно полагане на плътна асфалтова смес - 5 см. | D76: т | E76: 104.4 | F76: ='Ед. Цени'!F84 -> 134.12 | G76: =ROUND((E76*F76),2) -> 14002.13
C78: Общо за част Възстановяване на настилката: | G78: =SUM(G61:G76) -> 32432.56
C79: ВСИЧКО СМР: | G79: =SUM(G59+G78) -> 61053.39
C80: ДДС 20 %0 ЧАСТ ПЪТНА: | G80: =+G78*0.2 -> 6486.512
C81: ОБЩО СМР: | G81: =+G80+G79 -> 67539.902

Sheet кл.25.3
A1: Обект: Реконструкция на компрометирани участъци от водопроводната мрежа в с.Апарухово, Общ.Дългопол- етап 2
A2: Възложител: Община Дългопол
A4: KОЛИЧЕСТВЕНО- СТОЙНОСТНА СМЕТКА - Клон 25.3 /о.т.61 до о.т.84/
A6: № | C6: Вид СМР | D6: М-ка | E6: Количество | F6: Ед. цена | G6: Стойност
A9: 1 | C9: 2 | D9: 3 | E9: 4 | F9: 5 | G9: 6
A10: I. ЧАСТ ВОДОСНАБДЯВАНЕ
A11: 1 | B11: анализ 1 | C11: Рязане с фугорез на асфалтова настилка | D11: л.м. | E11: 453.2 | F11: ='Ед. Цени'!F21 -> 3.53 | G11: =ROUND((E11*F11),2) -> 1599.8
A12: 2 | B12: анализ 2 | C12: Разваляне асфалтова настилка | D12: м2 | E12: 317.24 | F12: ='Ед. Цени'!F22 -> 6.89 | G12: =ROUND((E12*F12),2) -> 2185.78
A13: 3 | B13: анализ 3 | C13: Изкоп с багер на отвал ЗП неукрепен - спада се от т.4 | D13: м3 | E13: 298.36422 | F13: ='Ед. Цени'!F23 -> 5.5 | G13: =ROUND((E13*F13),2) -> 1641
A14: 4 | B14: Анализ 65 | C14: Изкоп с дълб. до 2м. ръчно - 30% от машинния | D14: м3 | E14: 127.87038 | F14: ='Ед. Цени'!F85 -> 24.35 | G14: =ROUND((E14*F14),2) -> 3113.64
A15: 5 | B15: анализ 5 | C15: Прехвърляне на изкопана земна маса на 2,00 м вертикално и хоризонтално | D15: м3 | E15: 127.87038 | F15: ='Ед. Цени'!F25 -> 12.47 | G15: =ROUND((E15*F15),2) -> 1594.54
A16: 6 | B16: анализ 6 | C16: Натоварване излишната пръст с багер на самосвал | D16: м3 | E16: 426.2346 | F16: ='Ед. Цени'!F26 -> 2.79 | G16: =ROUND((E16*F16),2) -> 1189.19
A17: 7 | B17: анализ 7 | C17: Разриване с булдозер на земни маси | D17: м3 | E17: 426.2346 | F17: ='Ед. Цени'!F27 -> 1.98 | G17: =ROUND((E17*F17),2) -> 843.94
A18: 8 | B18: анализ 8 | C18: Превоз на земни маси със самосвал до 5км. | D18: м3 | E18: 426.2346 | F18: ='Ед. Цени'!F28 -> 2.79 | G18: =ROUND((E18*F18),2) -> 1189.19
A19: 9 | B19: анализ 9 | C19: Неплътно укрепване и разкрепване на изкопи | D19: м2 | E19: 774.972 | F19: ='Ед. Цени'!F29 -> 2.42 | G19: =ROUND((E19*F19),2) -> 1875.43
A20: 10 | B20: анализ 10 | C20: Доставка на пясък със самосвал на 10км. | D20: м3 | E20: 124.63 | F20: ='Ед. Цени'!F30 -> 19.04 | G20: =ROUND((E20*F20),2) -> 2372.96
A21: 11 | B21: анализ 11 | C21: Превоз с ръчни колички на пясък на 50м | D21: м3 | E21: 124.63 | F21: ='Ед. Цени'!F31 -> 6.14 | G21: =ROUND((E21*F21),2) -> 765.23
A22: 12 | B22: анализ 12 | C22: Подложка от пясък 10см. | D22: м3 | E22: 24.926 | F22: ='Ед. Цени'!F32 -> 8.17 | G22: =ROUND((E22*F22),2) -> 203.65
A23: 13 | B23: анализ 13 | C23: Засипване на тръби с пясък - 40см. | D23: м3 | E23: 99.704 | F23: ='Ед. Цени'!F33 -> 4.75 | G23: =ROUND((E23*F23),2) -> 473.59
A24: 14 | B24: анализ 14 | C24: Уплътняване на пясък с пневматична трамбовка | D24: м3 | E24: 124.63 | F24: ='Ед. Цени'!F34 -> 3.66 | G24: =ROUND((E24*F24),2) -> 456.15
A25: 15 | B25: анализ 15 | C25: Доставка на нестандартна скална маса от кариера на 5км | D25: м3 | E25: 201.9006 | F25: ='Ед. Цени'!F35 -> 17.82 | G25: =ROUND((E25*F25),2) -> 3597.87
A26: 16 | B26: анализ 16 | C26: Превоз с ръчни колички на скална маса на 50м | D26: м3 | E26: 201.9006 | F26: ='Ед. Цени'!F36 -> 6.14 | G26: =ROUND((E26*F26),2) -> 1239.67
... A31: 21 | B31: анализ 21 | C31: Извозване асфалтови отпадъци със самосвал до 5км. | D31: м3 | E31: 31.724 | F31: ='Ед. Цени'!F41 -> 2.3 | G31: =ROUND((E31*F31),2) -> 72.97
A32: 22 | B32: анализ 23 | C32: Полагане ПЕВП тръби ø90мм. | D32: л.м. | E32: 206.6 | F32: ='Ед. Цени'!F43 -> 26.13 | G32: =ROUND((E32*F32),2) -> 5398.46
A33: 23 | B33: анализ 24 | C33: Полагане ПЕВП тръби ø32мм. | D33: л.м. | E33: 20 | F33: ='Ед. Цени'!F44 -> 7.79 | G33: =ROUND((E33*F33),2) -> 155.8
A34: 24 | B34: анализ 25 | C34: БОБ | D34: бр. | E34: 1 | F34: ='Ед. Цени'!F45 -> 14.87 | G34: =ROUND((E34*F34),2) -> 14.87
A35: 25 | B35: Анализ 88 | C35: ВС ф90/1" | D35: бр. | E35: 5 | F35: ='Ед. Цени'!F108 -> 57.71 | G35: =ROUND((E35*F35),2) -> 288.55
A36: 26 | B36: анализ 29 | C36: Заварка ф90 | D36: бр. | E36: 20.216667 | F36: ='Ед. Цени'!F49 -> 15.4 | G36: =ROUND((E36*F36),2) -> 311.34
A37: 27 | B37: анализ 30 | C37: Ко ф32/1" | D37: бр. | E37: 5 | F37: ='Ед. Цени'!F50 -> 15.9 | G37: =ROUND((E37*F37),2) -> 79.5
A38: 28 | B38: анализ 31 | C38: ПМ ф32/1" | D38: бр. | E38: 5 | F38: ='Ед. Цени'!F51 -> 18.32 | G38: =ROUND((E38*F38),2) -> 91.6
A39: 29 | B39: Анализ 85 | C39: Т ф90/ф90 | D39: бр. | E39: 1 | F39: ='Ед. Цени'!F105 -> 53.66 | G39: =ROUND((E39*F39),2) -> 53.66
A40: 30 | B40: анализ 37 | C40: ТСК ф1" | D40: бр. | E40: 5 | F40: ='Ед. Цени'!F57 -> 132.99 | G40: =ROUND((E40*F40),2) -> 664.95
A41: 31 | B41: анализ 39 | C41: Хидравлично изпитване на водопровод | D41: л.м. | E41: 226.6 | F41: ='Ед. Цени'!F59 -> 1.78 | G41: =ROUND((E41*F41),2) -> 403.35
A42: 32 | B42: анализ 40 | C42: Дезинфекция на водопровод | D42: л.м. | E42: 226.6 | F42: ='Ед. Цени'!F60 -> 1.61 | G42: =ROUND((E42*F42),2) -> 364.83
A43: 33 | B43: анализ 41 | C43: Укрепване на гърне за СК | D43: бр. | E43: 5 | F43: ='Ед. Цени'!F61 -> 10.45 | G43: =ROUND((E43*F43),2) -> 52.25
A44: 34 | B44: анализ 42 | C44: Доставка и монтаж на табели за СК | D44: бр. | E44: 0 | F44: ='Ед. Цени'!F62 -> 18.52 | G44: =ROUND((E44*F44),2) -> 0
A45: 35 | B45: анализ 44 | C45: Демонтаж и възстановяване на улични бордюри за СВО и ПХ | D45: л.м. | E45: 10 | F45: ='Ед. Цени'!F64 -> 8.95 | G45: =ROUND((E45*F45),2) -> 89.5
A46: 36 | B46: анализ 45 | C46: Доставка, полагане и валиране каменна фракция 35/75 с Н=40см | D46: м3 | E46: 126.896 | F46: ='Ед. Цени'!F65 -> 18.94 | G46: =ROUND((E46*F46),2) -> 2403.41
A47: 37 | B47: анализ 46 | C47: Битумна разливка | D47: м2 | E47: 317.24 | F47: ='Ед. Цени'!F66 -> 1.77 | G47: =ROUND((E47*F47),2) -> 561.51
A48: 38 | B48: анализ 47 | C48: Доставка и полагане на неплътен асфалт 5 см | D48: тон | E48: 38.0688 | F48: ='Ед. Цени'!F67 -> 125.37 | G48: =ROUND((E48*F48),2) -> 4772.69
A49: 39 | B49: анализ 48 | C49: Доставка и монтажна сигнална лента над водопровода | D49: л.м. | E49: 226.6 | F49: ='Ед. Цени'!F68 -> 0.92 | G49: =ROUND((E49*F49),2) -> 208.47
A50: 40 | B50: анализ 49 | C50: Доставка и монтажна детекторна лента над водопровода | D50: л.м. | E50: 226.6 | F50: ='Ед. Цени'!F69 -> 1.41 | G50: =ROUND((E50*F50),2) -> 319.51
C51: Общо за част Водоснабдяване: | G51: =SUM(G11:G50) -> 41651.91
A52: II. ЧАСТ ВЪЗСТАНОВЯВАНЕ НА НАСТИЛКАТА
A53: 1 | B53: анализ 50 | C53: Изкоп на земни почви с багер на транспорт | D53: м3 | E53: 42.02 | F53: ='Ед. Цени'!F70 -> 7.8 | G53: =ROUND((E53*F53),2) -> 327.76
A54: 2 | B54: анализ 51 | C54: Изкоп ръчен в земни почви | D54: м3 | E54: 18.01 | F54: ='Ед. Цени'!F71 -> 16.63 | G54: =ROUND((E54*F54),2) -> 299.51
A55: 3 | B55: анализ 52 | C55: Почистване на реголи и настилки от кал | D55: м2 | E55: 99.36 | F55: ='Ед. Цени'!F72 -> 6.09 | G55: =ROUND((E55*F55),2) -> 605.1
A56: 4 | B56: анализ 53 | C56: Натоварване разк. земна почва на транспорт с багер | D56: м3 | E56: 21.61 | F56: ='Ед. Цени'!F73 -> 1.64 | G56: =ROUND((E56*F56),2) -> 35.44
A57: 5 | B57: анализ 54 | C57: Извозване на депо земни почви до 10 км | D57: м3 | E57: 62.1 | F57: ='Ед. Цени'!F74 -> 8.54 | G57: =ROUND((E57*F57),2) -> 530.33
A58: 6 | B58: анализ 7 | C58: Разриване с булдозер на земни маси | D58: м3 | E58: 62.1 | F58: ='Ед. Цени'!F27 -> 1.98 | G58: =ROUND((E58*F58),2) -> 122.96
A59: 7 | B59: анализ 55 | C59: Фрезоване на асфалт | D59: м2 | E59: 1035 | F59: ='Ед. Цени'!F75 -> 1.78 | G59: =ROUND((E59*F59),2) -> 1842.3
A60: 8 | B60: анализ 56 | C60: Натоварване на отпадъци на транспорт с багер | D60: м3 | E60: 49.68 | F60: ='Ед. Цени'!F76 -> 1.78 | G60: =ROUND((E60*F60),2) -> 88.43
A61: 9 | B61: анализ 57 | C61: Извозване на асфалтови отпадъци на 80 км | D61: т | E61: 72.45 | F61: ='Ед. Цени'!F77 -> 21.54 | G61: =ROUND((E61*F61),2) -> 1560.57
A62: 10 | B62: анализ 58 | C62: Демонтаж бордюри | D62: м | E62: 200 | F62: ='Ед. Цени'!F78 -> 6.93 | G62: =ROUND((E62*F62),2) -> 1386
A63: 11 | B63: анализ 59 | C63: Доставка и монтаж на бетонови бордюри 15/25/50 | D63: м | E63: 200 | F63: ='Ед. Цени'!F79 -> 27.54 | G63: =ROUND((E63*F63),2) -> 5508
A64: 12 | B64: анализ 60 | C64: Разкъртване на стара трош. настилка | D64: м2 | E64: 115.92 | F64: ='Ед. Цени'!F80 -> 7.88 | G64: =ROUND((E64*F64),2) -> 913.45
A65: 13 | B65: анализ 61 | C65: Изкърпване на трошенокаменна настилка - деб. 0.35 м | D65: м2 | E65: 115.92 | F65: ='Ед. Цени'!F81 -> 14.48 | G65: =ROUND((E65*F65),2) -> 1678.52
A66: 14 | B66: анализ 62 | C66: Изкърпване на трошенокаменна настилка деб. до - 0.10 м | D66: м2 | E66: 941.85 | F66: ='Ед. Цени'!F82 -> 11.72 | G66: =ROUND((E66*F66),2) -> 11038.48
A67: 15 | B67: анализ 63 | C67: Почистване и грундиране настилки | D67: м2 | E67: 1242 | F67: ='Ед. Цени'!F83 -> 1.89 | G67: =ROUND((E67*F67),2) -> 2347.38
A68: 16 | B68: анализ 64 | C68: Машинно полагане на плътна асфалтова смес - 5 см. | D68: т | E68: 149.04 | F68: ='Ед. Цени'!F84 -> 134.12 | G68: =ROUND((E68*F68),2) -> 19989.24
C70: Общо за част Възстановяване на настилката: | G70: =SUM(G53:G68) -> 48273.47
C71: ВСИЧКО СМР: | G71: =SUM(G51+G70) -> 89925.38
C72: ДДС 20 %0 ЧАСТ ПЪТНА: | G72: =+G70*0.2 -> 9654.694
C73: ОБЩО СМР: | G73: =+G72+G71 -> 99580.074

Sheet Ед. Цени
A1: Обект: Реконструкция на компрометирани участъци от водопроводната мрежа в с.Апарухово, Общ.Дългопол- етап 2
A2: Възложител: Община Дългопол
A4: ЕД. ЦЕНИ
C7: СВО-къси | D7: 11
C8: СВО-дълги | D8: 15
C9: ПХ | D9: 2
C10: Широчина изкоп | D10: 1.1
C11: Широчина разваляне и възстановяване наст. | D11: 1.4
C12: Дълбочина изкоп | D12: 1.71
C13: Широчина регулация | D13: 10
C14: Широчина асфалт | D14: 6
A16: № | C16: Вид СМР | D16: М-ка | E16: Количество | F16: Ед. Цена (EU)
A19: 1 | C19: 2 | D19: 3 | E19: 4 | F19: 5
A20: ЕД. ЦЕНИ за СМР
A21: 1 | B21: анализ 1 | C21: Рязане с фугорез на асфалтова настилка | D21: л.м. | E21: 1 | F21: 3.53
A22: 2 | B22: анализ 2 | C22: Разваляне асфалтова настилка | D22: м2 | E22: 1 | F22: 6.89
A23: 3 | B23: анализ 3 | C23: Изкоп с багер на отвал ЗП неукрепен - спада се от т.4 | D23: м3 | E23: 1 | F23: 5.5
A24: 4 | B24: анализ 4 | C24: Изкоп с дълб. до 2м. ръчно - 30% | D24: м3 | E24: 1 | F24: 24.35
A25: 5 | B25: анализ 5 | C25: Прехвърляне на изкопана земна маса на 2,00 м вертикално и хоризонтално | D25: м3 | E25: 1 | F25: 12.47
A26: 6 | B26: анализ 6 | C26: Натоварване излишната пръст с багер на самосвал | D26: м3 | E26: 1 | F26: 2.79
A27: 7 | B27: анализ 7 | C27: Разриване с булдозер на земни маси | D27: м3 | E27: 1 | F27: 1.98
A28: 8 | B28: анализ 8 | C28: Превоз на земни маси със самосвал до 5км. | D28: м3 | E28: 1 | F28: 2.79
A29: 9 | B29: анализ 9 | C29: Неплътно укрепване и разкрепване на изкопи | D29: м2 | E29: 1 | F29: 2.42
A30: 10 | B30: анализ 10 | C30: Доставка на пясък със самосвал на 10км. | D30: м3 | E30: 1 | F30: 19.04
A31: 11 | B31: анализ 11 | C31: Превоз с ръчни колички на пясък на 50м | D31: м3 | E31: 1 | F31: 6.14
A32: 12 | B32: анализ 12 | C32: Подложка от пясък 10см. | D32: м3 | E32: 1 | F32: 8.17
... A119: 26 | B119: Анализ 99 | C119: Дъга ф90/10 | D119: бр. | E119: 1 | F119: 40.51
B121: УЧАСТНИК: ЕВРОКАНАЛ ЕООД

Sheet рекапитулация
A1: ВЪЗЛОЖИТЕЛ: ОБЩИНА ДЪЛГОПОЛ
A2: Обект: "Реконструкция на на компрометирани участъци от водопроводната мрежа в с. Аспарухово - ЕТАП 2"
A5: ОБОБЩЕНА КОЛИЧЕСТВЕНО-СТОЙНОСТНА СМЕТКА (РЕКАПИТУЛАЦИЯ)
A7: № | B7: Наименование на СМР | C7: Дължина (м) | D7: I. ЧАСТ ВОДОСНАБДЯВАНЕ, EU, без вкл. ДДС | E7: II. ЧАСТ ВЪЗСТАНОВЯВАНЕ НА НАСТИЛКАТА, EU. без вкл. ДДС
A8: 1 | B8: Етап 2: Клон I.3. | C8: =[1]кл.I.3!H43 -> 376.2 | D8: =кл.I.3!G70 -> 103304.56 | E8: =кл.I.3!G89 -> 83780.18
A9: 2 | B9: Етап 2: Клон I.4. | C9: =[1]кл.I.4!H43 -> 99.8 | D9: =кл.I.4!G63 -> 26250.2 | E9: =кл.I.4!G82 -> 23437.08
A10: 3 | B10: Етап 2: Клон I.5. | C10: =[1]кл.I.5!H43 -> 29.7 | D10: =кл.I.5!G60 -> 7794.46 | E10: =кл.I.5!G79 -> 7031.11
A11: 4 | B11: Етап 2: Клон I.6. | C11: =[1]кл.I.6!H43 -> 108 | D11: =кл.I.6!G53 -> 22464.18 | E11: =кл.I.6!G72 -> 37498.97
A12: 5 | B12: Етап 2: Клон I.7. | C12: =[1]кл.I.7!H43 -> 25.4 | D12: =кл.I.7!G45 -> 4613.07 | E12: =кл.I.7!G64 -> 5686.86
A13: 6 | B13: Етап 2: Клон I.8. | C13: =[1]кл.I.8!H43 -> 134.4 | D13: =кл.I.8!G58 -> 36840.9 | E13: =кл.I.8!G77 -> 29114.54
A14: 7 | B14: Етап 2: Клон 10.1 | C14: =[1]кл.10.1!H43 -> 221.8 | D14: =кл.10.1!G58 -> 55077.31 | E14: =кл.10.1!G77 -> 48859.04
A15: 8 | B15: Етап 2: Клон 12 | C15: =[1]кл.12!H43 -> 184.8 | D15: =кл.12!G59 -> 45070.86 | E15: =кл.12!G78 -> 41118.01
A16: 9 | B16: Етап 2: Клон 15 | C16: =[1]кл.15!H43 -> 152.4 | D16: =кл.15!G58 -> 29658.75 | E16: =кл.15!G77 -> 34454.86
A17: 10 | B17: Етап 2: Клон 25.1 | C17: 251.9 | D17: =кл.25.1!G60 -> 65005.51 | E17: =кл.25.1!G79 -> 55545.46
A18: 11 | B18: Етап 2: Клон 25.2 | C18: =[1]кл.25.2!H43 -> 145.4 | D18: =кл.25.2!G59 -> 28620.83 | E18: =кл.25.2!G78 -> 32432.56
A19: 12 | B19: Етап 2: Клон 25.3 | C19: =[1]кл.25.3!H43 -> 206.6 | D19: =кл.25.3!G51 -> 41651.91 | E19: =кл.25.3!G70 -> 48273.47 | H19: макс прогнозна
A20: ОБЩО СМР: | D20: =SUM(D8:D19) -> 466352.54 | E20: =SUM(E8:E19) -> 447232.14 | F20: =D20+E20 -> 913584.68 | H20: 942851.37 | I20: евро без ДДС | K20: =H20-F20 -> 29266.69 | M20: =K20*2 -> 58533.38
A21: ДДС 20%: | D21: =ROUND((D20*0.2),2) -> 93270.51 | E21: =ROUND((E20*0.2),2) -> 89446.43 | F21: =D21+E21 -> 182716.94
A22: ВСИЧКО: | D22: =SUM(D20:D21) -> 559623.05 | E22: =SUM(E20:E21) -> 536678.57 | F22: =F20+F21 -> 1096301.6 | H22: =H20/1936 -> 487.01001
I25: =H20*0.95 -> 895708.8
B28: УЧАСТНИК: ЕВРОКАНАЛ ЕООД

Sheet Анализи
A2: АНАЛИЗНИ ЦЕНИ (МАТ., МЕХ., ДРУГИ И ТРУД)
A4: Осн. | B4: Описание | C4: м-ка | D4: РН | E4: К | F4: Цена | G4: Общо
A5: [1] | B5: [2] | C5: [3] | D5: [4] | E5: [5] | F5: [6] | G5: [7]
A8: Рязане с фугорез на асфалтова настилка
A9: Позиция: , Основание: Анализ 1 | G9: за л.м.
B11: Механизация | G11: 0.38
A12: - | B12: Ръчен фугорез за асфалт | C12: МСМ | D12: 0.0188 | E12: 1 | F12: 20 | G12: 0.38
B14: Труд | D14: 0.15 | G14: 1.5
A15: - | B15: РАБОТНИК - смр | C15: Ч.Ч. | D15: 0.15 | E15: 1 | F15: 10 | G15: 1.5
B17: Допълнителни разходи | G17: 1.33
B18: върху Труд | C18: % | D18: 80 | G18: 1.2
B19: върху Механизация | C19: % | D19: 35 | G19: 0.13
B21: Общо
B22: преки | G22: 1.88
B23: допълнителни | G23: 1.33
B24: общо | G24: 3.21
B25: печалба | C25: % | D25: 10 | G25: 0.32
B27: Общо | G27: 3.53
A29: Разваляне асфалтова настилка
A30: Позиция: , Основание: Анализ 2 | G30: за м2
B32: Механизация | G32: 1.42
A33: - | B33: Багер с хидр. чук | C33: МСМ | D33: 0.004 | E33: 1 | F33: 280 | G33: 1.12
A34: - | B34: Багер товарач | C34: МСМ | D34: 0.0012 | E34: 1 | F34: 250 | G34: 0.3
B36: Труд | D36: 0.241 | G36: 2.41
A37: - | B37: РАБОТНИК - смр | C37: Ч.Ч. | D37: 0.241 | E37: 1 | F37: 10 | G37: 2.41
B39: Допълнителни разходи | G39: 2.43
B40: върху Труд | C40: % | D40: 80 | G40: 1.93
B41: върху Механизация | C41: % | D41: 35 | G41: 0.5
B43: Общо
B44: преки | G44: 3.83
B45: допълнителни | G45: 2.43
B46: общо | G46: 6.26
B47: печалба | C47: % | D47: 10 | G47: 0.63
B49: Общо | G49: 6.89
A51: Изкоп с багер на отвал ЗП неукрепен - спада се от т.4
A52: Позиция: , Основание: Анализ 3 | G52: за м3
B54: Механизация | G54: 3.7
A55: - | B55: Багер | C55: МСМ | D55: 0.0148 | E55: 1 | F55: 250 | G55: 3.7
B57: Допълнителни разходи | G57: 1.3
B58: върху Механизация | C58: % | D58: 35 | G58: 1.3
B60: Общо
B61: преки | G61: 3.7
B62: допълнителни | G62: 1.3
B63: общо | G63: 5
B64: печалба | C64: % | D64: 10 | G64: 0.5
B66: Общо | G66: 5.5
A68: Изкоп с дълб. до 2м. ръчно - 30%
A69: Позиция: , Основание: Анализ 4 | G69: за м3
B71: Труд | D71: 1.23 | G71: 12.3
A72: - | B72: РАБОТНИК - смр | C72: Ч.Ч. | D72: 0.82 | E72: 1 | F72: 10 | G72: 8.2
A73: - | B73: РАБОТНИК - смр | C73: Ч.Ч. | D73: 0.41 | E73: 1 | F73: 10 | G73: 4.1
B75: Допълнителни разходи | G75: 9.84
B76: върху Труд | C76: % | D76: 80 | G76: 9.84
B78: Общо
B79: преки | G79: 12.3
B80: допълнителни | G80: 9.84
B81: общо | G81: 22.14
B82: печалба | C82: % | D82: 10 | G82: 2.21
B84: Общо | G84: 24.35
A86: Прехвърляне на изкопана земна маса на 2,00 м вертикално и хоризонтално
A87: Позиция: , Основание: Анализ 5 | G87: за м3
B89: Труд | D89: 0.63 | G89: 6.3
A90: - | B90: РАБОТНИК - смр | C90: Ч.Ч. | D90: 0.42 | E90: 1 | F90: 10 | G90: 4.2
A91: - | B91: РАБОТНИК - смр | C91: Ч.Ч. | D91: 0.21 | E91: 1 | F91: 10 | G91: 2.1
B93: Допълнителни разходи | G93: 5.04
B94: върху Труд | C94: % | D94: 80 | G94: 5.04
B96: Общо
B97: преки | G97: 6.3
B98: допълнителни | G98: 5.04
B99: общо | G99: 11.34
B100: печалба | C100: % | D100: 10 | G100: 1.13
B102: Общо | G102: 12.47
A104: Натоварване излишната пръст с багер на самосвал
A105: Позиция: , Основание: Анализ 6 | G105: за м3
B107: Механизация | G107: 1.88
A108: - | B108: Багер | C108: МСМ | D108: 0.0075 | E108: 1 | F108: 250 | G108: 1.88
B110: Допълнителни разходи | G110: 0.66
B111: върху Механизация | C111: % | D111: 35 | G111: 0.66
B113: Общо
B114: преки | G114: 1.88
B115: допълнителни | G115: 0.66
B116: общо | G116: 2.54
B117: печалба | C117: % | D117: 10 | G117: 0.25
B119: Общо | G119: 2.79
A121: Разриване с булдозер на земни маси
A122: Позиция: , Основание: Анализ 7 | G122: за м3
B124: Механизация | G124: 1.33
A125: - | B125: Булдозер | C125: МСМ | D125: 0.0038 | E125: 1 | F125: 350 | G125: 1.33
B127: Допълнителни разходи | G127: 0.47
B128: върху Механизация | C128: % | D128: 35 | G128: 0.47
B130: Общо
B131: преки | G131: 1.33
B132: допълнителни | G132: 0.47
B133: общо | G133: 1.8
B134: печалба | C134: % | D134: 10 | G134: 0.18
B136: Общо | G136: 1.98
A138: Превоз на земни маси със самосвал до 5км.
A139: Позиция: , Основание: Анализ 8 | G139: за м3
B141: Механизация | G141: 1.88
A142: - | B142: Самосвал | C142: МСМ | D142: 0.0075 | E142: 1 | F142: 250 | G142: 1.88
...
